id,subset_id,gender,age,video1,video2,video3
000c916f,a_4ac99fc8,0,1,j4EdgfHfUnY,zpU49kTsinA,ZT9LR-2DFl0
0028707e,a_e5c021cb,0,3,ghCHZfPVUfk,unuYNM7dYkg,48OEVVmVTgw
002c7bba,a_34ba6327,0,3,9tPckBmsbck,b7hlArzqXp8,rdJVLyhnVRc
00b2b37a,c_02d2c77f,1,3,4FxbvPQKeQc,FXUHXHWsEos,6-THEIR527s
00c28c7b,a_eada2100,1,3,"","",""
00c4923d,a_cc9fb925,1,2,"","",""
01452e7c,b_ca5535c4,0,1,SF6ohZd2oBo,"",""
0253156f,a_34ba6327,0,5,Lb6gtEJBR28,zR_sEfM_uvg,GWpbv1tjLx0
028e5baa,a_27b1998c,0,2,"","",""
02abf7c7,b_cc927cf8,0,3,MEmvk3ZSs0M,o-YhPnKMT1w,4t8xbYUBJak
02f2dbf7,a_4ac99fc8,0,4,EL2jIqU0e3g,tUyM1zvYe30,FWyKxMQ-cjY
02f4c2d6,c_669d48e4,1,2,1JzjxgAxphQ,P1IMlJ_dYZg,YnSW8ian29w
0340cae3,a_c9b736f4,1,1,ruAnbn36chk,0-ZxP7iXEZI,fJpUIjxTeic
040ec32c,a_4ac99fc8,0,2,"","",""
04117cde,c_db214b97,0,2,JH0MRS86wPc,5DTFH4f6h_8,Xm9uCgJigls
043f8e0d,a_3d1de17d,0,3,Ga_gZyPbQ9o,KWI2KJdUF2E,-FX1KrzqeuM
04544ad3,b_6957fcd5,0,1,BAJGTTozyNY,qzUkvkTaw7U,OnwJ2TduDAc
04eb34df,a_d7855f4b,1,2,jcbeui0RdPQ,53eyWbdbCiQ,-DgkSJUAhxc
0563cc8b,a_41c9dff6,1,3,EkQvKjv0s7g,bv_FJkAQ2Uw,uda-0fGDB2E
059c11e6,a_253650b8,0,5,xaxexiRIozw,wqPMoI_sss8,F1PxI_ucGfU
06ca2844,a_d7855f4b,1,3,EW65LKx57cE,2_DRVrClCE4,eXgkUZYo4xM
075b530a,b_979b5e79,1,3,4VY06NjA9V8,hxFKeZOj4Mw,fGC9OQlA9PU
07a45d83,a_909cd3e3,1,3,SX2FsECzB24,f1LdRlKN_TY,_o_fD1EgMx8
07c323fe,a_3d1de17d,0,3,szSS1HOe534,QhVs96gdoaQ,xoTFG6DD83k
07f1de32,c_a062a225,0,4,vWEswXAPfgY,zGRgeifWNAA,zxT9FobKx6o
0802e9ee,a_d7855f4b,0,2,1kB3AB1rUzQ,ly_joJ5OyQk,0q5Ak-5alBk
087dfc73,b_6957fcd5,0,1,C8SZowYMpKw,G78PhoVn4QE,Rzdl50Lh8Zc
08d4679f,a_8064bf1a,0,5,LbtQM793jn8,l4mwFgFKzKQ,_UtT8SEaTuQ
08e223ec,b_f5352884,0,2,PCasptHkF4k,pJQpl0wJWmE,IKCim6IlCaM
08e76091,a_338f94b8,0,1,T3fz-l7BnXg,cvZnQ8wN1OQ,jmCtlSjPOxo
08ee1b79,b_f5352884,0,4,GCL7H-3tW2s,oqpEd9V42RI,I6yTr5aoFVo
09176ed1,a_6484f669,0,4,6g_ve49uFfE,81Z3avmABrA,1zHEX6YrYyA
092cc2b4,a_95dede8b,1,3,eB0arUZ-63I,waWYrBXOqIg,JY9mtKRLWkM
09aede72,a_ef127a78,0,6,C8dUqNyEFhU,loI_d_IPa3I,kqQfcbaDSEc
0a65e98f,b_ca5535c4,1,2,"","",""
0aeb6d5d,a_95dede8b,1,1,s4J0qExtSIA,WD-UjWXCPhc,Rv-IgIDn2WE
0b66b0b8,c_90b521bf,0,3,qTtF7K-13r4,bkFuGd828sU,Q0-o56U6oPo
0b854a3d,a_c4387204,0,3,LIlZCmETvsY,l446hUqQ7GY,3DxKp-hfly0
0c203161,a_fcb5bd36,1,2,4uf4_Puq6_k,SppxoABJlIs,2Vv-BfVoq4g
0cb6e87f,b_0f894663,0,1,WtzkiIWioAc,oR0fylG093Q,F3w-07E75c8
0d94c053,a_b3d12927,1,3,qlu-et438xQ,_sFZeJi1Xio,_Uah87WNSSQ
0da9ec65,a_b3d12927,0,2,91AsHh_UZGA,hSsnw6NEksU,6YyVkM8GdHk
0dc0b258,a_b6fcd21e,0,3,OM08JSM3H5Q,CZfPKvtdfoc,nVzo5X0_okc
0dc0ccdf,b_d27e5916,0,4,ZYaR2TjADzU,5yeYUrkPVV8,S2do0GmcYig
0e53cd5b,a_4806747f,0,4,pJ3Lzn5XZLA,kDRpjYnuxLw,j6b87bOPiMI
0ee3aee1,c_a062a225,0,4,7njC5lgL61c,7eoiyP4kaAQ,DeGkiItB9d8
0efe0f7c,b_ca5535c4,1,4,XB2mvrprmjg,mClBILuLpBg,_Qgy_V0CS6A
0f6ccda0,a_b6fcd21e,0,2,XZJtMLMG_QA,R4xz5Zdmk-w,Ci_zad39Uhw
102bbed5,a_34ba6327,1,4,sB3hP4xt4Q4,FfOgRZoYp-Y,iYQb-RLLhSY
102c01cd,b_42889c2d,0,2,"","",""
10e2d0b3,a_abf44737,1,4,DQcQ-KrvTMs,nRgFJvUbj8o,p3SeKq7aZHM
10f69654,a_ff99ef7e,1,3,VvIzjS78XsA,yYyK93AJlYQ,BC9P3DSZu0A
110bd893,b_0f894663,0,4,mIzshJeI0-A,OoG-9ffwiB4,XGkZ6aHQm8w
113a8ab0,a_ca0e48b0,1,4,GfBkNG-a8Oc,0vx7qzj8Do0,c_e8mSaO8EU
114eb0d0,a_8064bf1a,1,4,VRD9uvmM-jk,ZPl42HItgL0,""
11b6a985,a_95dede8b,0,2,lnwF-SEHk-M,0fTAxTrBNMA,WQtGE_kh9Gg
11cc4b5e,a_1e62eff3,0,3,wWHq9ZXbA_s,aCsYgadz4xc,VusYvE7FHpY
12639df9,a_3db99689,1,3,On24feTyED8,Alfdi_YzIbc,dyA_eKuwbxc
1336c2ab,a_9d0cedbf,1,2,n6c9pc-GxD4,IevsaST5LOE,W0aqipKBcVY
136aa8e0,a_b6fcd21e,1,2,m8JQH_jq8pU,nZ6wFEguaBI,_5R-3kZtEiA
13b5b6b5,a_f30344df,1,4,B7k5USwI3Gg,KNYG53fAbX4,9-OMBWj4JwU
140ddb9b,a_124b2b81,0,3,TPwXHoMpMuY,XaVPr6HVrbI,Xb_7yNKswlI
14ce5684,b_0f894663,0,3,CUv9C8KrDrM,pvDE_Q5tCuY,sEghJEE_v2w
1513c2b3,a_76cfae4c,0,4,QOUwaZZ2SQg,pnCPDNptFZk,u8uf7nsy5yw
15581b18,a_c9b736f4,0,2,A5AV5HAKjh0,jkrFBvUY4DI,rfzdjGzBCjs
1563d6fb,a_909cd3e3,1,2,gBMTqIipVgA,M_1LTqgf0Zo,GLuIRkDdhCM
15c58dc6,a_a91bcd65,0,4,3U_t44Ktqxk,5aH-vRSZdCE,kdBKBykNbsQ
1625e750,c_fc69c217,0,4,Upw3cYkkWC0,Blqkp-oZMn0,iN2h9N7ZEso
1661bb28,b_d27e5916,1,2,-e-AfielrTA,MTo19e_cupY,1C-Ea_Xkrhg
16f6cc82,b_af86a83b,0,2,DPjr04ALQVs,ZVtuPMyf8Co,sguf2UTrqa8
1732e5a8,a_ff99ef7e,0,3,iS-O2JUuJAM,hhazV0eifFs,UlxJK85q28A
17b4f128,a_07392b8a,0,3,wbXNxs7RKqE,iguz0PLXq7w,_q4jvMUC4u0
189f187c,b_ca5535c4,0,2,rkgLJFevA8U,iFg-bFAu2AU,bBJ-cg_5X4Q
18ef37d0,a_34ba6327,0,3,HtdAN5K4N-Q,SYTWLthn1Gc,imuNm_8Vo_A
1903edb6,a_d7855f4b,1,4,"","",""
197831d0,a_6ab2a6c2,1,1,yM-ctt-0k6w,oIbAnaoBlF8,-x986vGmzx0
19b4a060,a_da8221d9,0,4,Ma7Jp_HPZRk,lsw4DsxHR-k,g4sdXPDW3wU
1a2b229d,c_db214b97,0,2,UUK_CANzGSY,Sk54r9O6DbI,rHbpsNyWKIE
1a38195e,a_af750dcb,1,4,b2loI23h3bo,M2cckDmNLMI,pgXpM4l_MwI
1a396adc,b_ca5535c4,1,1,RONySFoYp_g,4hbP53p3AlY,wf1HQqCF4Do
1accacbd,a_5562c89e,1,4,KJeOJls1dEs,4axSblNDsLc,luW6nUUBtkg
1ae04f26,a_41c9dff6,1,2,hpIb_q1Zd2A,pECZ_6s_59g,RE4RSoZKEUA
1b24b2e5,a_c4387204,0,3,iBcnm5thraE,VV56USt6QcA,8JXIBeDas7w
1b385dd1,a_8ec282f2,0,3,XuSV2oVv6EY,aZg-Tra_-Eg,hLYwms9_U7g
1b59fbb6,a_44e165a9,1,3,V5DhqkHyKXY,ejfHsR8djzQ,atgx0Y5canE
1ba3d30b,a_b6254a32,0,4,zmulq35s1K0,Vxkvh2rB3-Y,Y-WM3ISa7TM
1cb327c6,a_2d846716,1,2,FAT0mneLg_Y,b80b5xkafaE,jmE8ramb0Oc
1cd5d3c0,a_02ac9fef,0,4,0EXKDhYHpZw,BQ8tDVy4erg,AJacMw9hRXA
1cd81a27,a_dbae58e0,0,4,K3kuzaKOUgs,dKngY_BIoWk,I9VV-5OQZMY
1d2c0f7f,a_95dede8b,1,6,yPFQO2FCEZc,2GRTmUpU0ic,GTKoZsu8Srg
1d54fa8c,a_e5c021cb,0,2,bAfWHqhLms4,xA6QoRK5GW0,lbfuCmG88es
1daafe34,a_289e36dd,1,5,kBsonjq4kUk,vbECKyohRKs,eQX5XKgxAEQ
1df31e49,a_34ba6327,0,4,uWZcDKlwpi8,boikMKGLiF4,eCtvuQPEeCg
1e15a5d5,b_42889c2d,1,3,jUVK7V0mYjM,Ta3Tu9RjxJA,eOUtsybozjg
1f22f6a6,a_195fafca,0,3,OiwPMb4908o,0fBVWMezax8,ajyyGn9MexU
1fe7e216,a_964f2afc,1,3,"","",""
204505ac,a_9d0cedbf,0,3,ZPMrxqC9J7o,LpF_QXJeNC8,1MobY_vR7-g
211bd859,a_a91bcd65,0,3,311vwQi3OCI,W4I8BOS45sg,z0KDiXHASfo
21ce1ebf,a_2d846716,1,3,Y32GLrhDcSc,wKsoGzrDuZ0,wKsoGzrDuZ0
21fae2f1,b_c628049f,0,2,kDHVcnykE0Q,VHajfjsIEAU,7hbXA4hubcQ
221ece2f,a_d3f32461,1,2,"","",""
22594e07,a_e5c021cb,1,4,"","",""
22867f49,a_e5c021cb,1,3,plEhksWwboU,q6QYAcF9Uoc,oFLVhD5Pw4o
22c3673b,a_02ac9fef,0,2,MgSlTy_85dY,Y84zYoGv9EI,1N5T1qu0Dd8
22d9c9a7,a_3fe57e9a,1,1,"","",""
2316e6fb,a_124b2b81,1,2,hBifGrCistU,kkXgr5jb5xM,eznHwXWfTV8
2320872c,a_289e36dd,1,2,KdNfe2A5KIY,r0yq_yXFQhg,NhLIT_gujm0
23a30457,a_253650b8,1,3,D02EmQZsJPg,Jyt_kUgiIKw,HIxC0MGxdTM
24064ac2,a_c4387204,0,3,9BSCl-pjcgA,XUDhdsL1Unc,blbZRs1j5eo
241882db,c_95aa7a89,0,1,HHirr3BQ8fw,gffXu0DYs_8,5C6yCxb5BKk
247a4ebf,a_07392b8a,1,4,BsUVXKBhx9s,kA4880OPJ-A,Ke3I4uoO5wI
248c6b5b,a_f30344df,0,3,k70nc1vMvrI,D6ZwK8imMDw,1kxthfvo9xQ
24f605fb,a_3db99689,0,3,foE1mO2yM04,euCqAq6BRa4,YykjpeuMNEk
25eaf492,a_253650b8,1,1,Qlg9BKq-IOA,UFNBgOi6vYs,FZLtoWc7CDM
2648acfd,a_e5c021cb,0,2,TSQRo4bFpao,HgzGwKwLmgM,E0ozmU9cJDg
267d4a94,b_6957fcd5,1,4,J7RVYvb6v-Q,CgPCOJLNePc,QmzTw690LOM
26877d9e,b_ca5535c4,0,3,cQPl_0Dml2g,DTXUOjZ1mcI,x9caYpRFVQM
2689f3c7,a_ef127a78,1,3,"","",""
2692cbe2,a_44e165a9,0,4,UrgpZ0fUixs,8-7FxC-0XWM,qsPpFPE0jgo
2732d3e1,a_cf98c77e,0,3,jzCouI8HLSI,c3WkUYx9os0,PYxWk4x79SY
2766e484,a_4806747f,1,2,KM2QmPcBRV0,ytgfqxwk5fM,xKUFxdsu27o
27f45cd4,a_c4387204,0,3,ElzxWpx0lcI,kvC55N4k9ng,8enkJDhEsS0
281c66d8,c_669d48e4,0,2,uJwa7y6Q6Sw,-BnK_7jGm3Y,910A2kza4k4
28695436,a_4ac99fc8,0,1,cq6ZCwPtI-w,wFUvgRJpQyg,rJE9Suz_m8A
28d0cb3b,a_cc9fb925,1,3,-CxB9dittmE,TRbVB_-36lU,hLvWy2b857I
28d20e59,a_909cd3e3,0,2,mW31hQhTYPE,"",""
28e975a0,a_8ec282f2,0,1,97gYbyzkzGs,sHv1gZ1pwlU,pRsWH2LMxdI
2943dfd3,a_374d5973,0,2,Iy8INKw85CA,ErI-X4y6Ddg,0e2fMqBOjDM
29c91a53,a_964f2afc,1,2,xhBhKBaO-jg,Jc1sucioT_c,QpGYaXiM1gk
29d039ee,a_3fe57e9a,0,3,PaZzwwJi1MY,oWlADy6lGM0,Pdg-Y2i4y8Y
2a7d0a7d,a_4ac99fc8,1,4,nDaqDh2Ds8s,I6p_WZWvCrE,iR3Sdf8UlTs
2a7fc6d4,a_b3d12927,0,3,Z0_gpcaiGyE,51CH3dPaWXc,1WTy2yqKI4w
2a823d15,a_9d0cedbf,1,3,"","",""
2a927836,a_29008b58,0,2,3fRuBgOG65I,u5rkOXzkuBc,XMx0Xqq2c-4
2ac6ff5e,a_ac8bf375,0,2,Vg2IbKmVSmU,jiu5fsf4_UE,PYTAeJmAlh0
2b16b2f6,b_c628049f,1,4,"",KIQS7s7hBnU,""
2b7170fd,b_6957fcd5,0,4,DQiG-4YdHXA,rZpKs3V80yQ,50vBPreCgWY
2b71c522,c_970d2a51,0,3,rywUS-ohqeE,ANxzr5h2FHY,YqEmD89pZFw
2bad2be5,a_253650b8,1,3,4ShrdQb2YfI,Qyzq8bVjiI4,V8Vc2mDcLHo
2bb724c6,a_2d846716,0,4,"","",""
2bc75011,c_db214b97,0,4,"","",""
2bf32730,a_abf44737,0,2,9lkY3x4oU7g,PeZAD18w4TE,H5jKitfp5JM
2c783ba7,a_eada2100,0,3,86No6aq8tn8,Y4mXTna0o7k,tnIASojJogk
2cf30836,a_41c9dff6,1,3,ldpKup5Pwnk,Z7d_3zjEBRQ,RN02nsxpB7w
2d11c77e,a_ca0e48b0,1,2,zzc3jWJ8k1c,yUNv1HM1-xQ,JhzDTifFtL0
2d179897,a_3db99689,0,1,IZbYcV_z1IA,C4nMezVCENM,DEzjr_ZeKp8
2d1cb7be,a_90a6ea35,0,5,iwQtRRXOsNA,5fDrlCzDEok,iMVP-6Ct3UE
2d7a2107,a_abf44737,1,6,Vo-771wlTko,eRjG1nPzSPc,zr7Jj0wk6qo
2d7f70ed,c_90b521bf,0,2,bnLpef9P33g,CTNjLFvaJiA,h9owEUz0LqU
2dbd27c3,a_ca0e48b0,0,3,mqraGzUF0lA,AoXcRygYNPg,Oux_PAJsqFc
2dc2f46f,a_02ac9fef,0,3,sy4k8eoBbJ4,3Egy2T24gTE,etEXtJZPNmw
2df062d4,a_ac8bf375,0,4,KcSBKz59NDQ,NDeJo7YOdUo,0P6klz6BTek
2e165fd9,a_6484f669,0,2,A1nnHu_-ntM,WkCRCCZHhe8,F1C_hXD1HOw
2e56b42c,a_195fafca,1,4,OAxHzVnjlxk,aw8kKqzCcEY,jVTjoiei_Pw
2eb5c76c,a_964f2afc,0,2,4C4evrdpmKo,2lDk-lVq9dY,ZY6iZtbq1Lc
2f0d28cc,a_2d846716,1,3,KWG_G0ZNcro,2OJ8NhUJUMw,qiC_0K1ZTWU
2f22c346,a_02ac9fef,1,4,KSK5E6S7Pjs,OFyH3c2Mfxo,oFLVhD5Pw4o
2f83b098,c_90b521bf,0,4,"","",""
3058741f,c_90b521bf,1,2,F9ofxfG4xYc,z8Kt1gXL_2M,nkoj0g05Z2E
306880d7,a_d3f32461,0,2,nFKsxowM29E,8954iLYfrMc,Fwa-jxRdBSU
3099fa05,c_669d48e4,0,2,"","",""
3131c9ef,a_44e165a9,0,5,o-_8eWHbU5w,o-XcgTQFoPw,zn_PUCooY_4
31ae2045,a_f30344df,0,3,UBUTxx9zYnI,2XDtl1a8Elo,BUP1bkgz2gc
31d66221,a_4806747f,1,2,"","",""
3300c750,a_35a978c4,0,4,nbSqMZfm1XU,LoKRe4CEudA,I5yNvMlJnHk
33711700,b_cc927cf8,1,1,l95x3NEVK5o,1_bDA2H1Ihg,xA5wgymOwvQ
33d62d9b,c_970d2a51,0,1,79XaA_4CYj8,0ZinG1pb9mE,onhBN0qkUcE
33d7d24c,b_f5352884,1,1,bxxbv8bJ2JQ,U_iRhef8G2I,3Q1V_TCr3uk
34001684,a_57d52371,0,3,4sFMRsVZyag,-Axq351c5s4,IIqUltT_x0c
3425538d,a_29008b58,0,5,iilXWjO_7ZM,yrs_zWcdxHE,BqcLpvzKBrI
34429d73,a_ff99ef7e,0,3,a51VH9BYzZA,lYJQegOFPGo,YlJtlCrlgTk
34d9eca1,a_5562c89e,1,5,TfZkuOqqwSI,4TaLpXRgn4k,arXkniPR8l4
34e47ca1,a_964f2afc,1,3,sBYRVPMC6C8,2PxGFl5oq28,6-3gTpjkZzw
360f1fb5,c_bc149f42,0,2,kMcO68IwALM,cVZgyV1_p4M,wVa9hI6ySzE
368dcb7b,a_f30344df,0,3,W8DCWI_Gc9c,2KX-nAwQTGQ,fUwy87Sabxs
3766e5c9,a_02ac9fef,1,4,KH7zEN0ch-Q,IRDoeQZ12-Y,aFfWuANYqmk
378b3dec,a_a310c11e,1,4,CgUUwzHt5S0,e1VC2lgTWes,DpANRK3AldY
378c9866,a_1e62eff3,0,3,YL9v1pcb8mI,a1Ay-fj3bms,tQYGDRaqzq8
37e65375,b_af86a83b,0,5,3_gYAnOvvYk,l2uorV99pZc,""
38326915,c_669d48e4,1,2,sF4Wr6jGXso,xT7aYejzG7g,K4IccYMpjIs
3871b1e9,a_ef127a78,0,3,dIOxx9RLSo4,c6nk1fsx3SQ,SG2dokSef9E
389a21e9,a_2d846716,1,1,0_IixXT563k,MPIUQy061Xw,HP6HZLfns9c
38f2092e,b_d27e5916,0,3,bVTT-51kf5E,BGKShPg9mzo,o6ARRGrW3BA
3917657c,b_f5352884,1,3,LE2_BeKcG4E,zuoVd2QNxJo,hzTRXNjvDck
3942cfb8,a_289e36dd,0,3,xNpN7HaAq58,fIWQ1wWulcA,DBnMD-rm0es
396b4986,a_07392b8a,2,6,pRXqDn14v-g,4004rp1bY0I,6AO_a9H5gTY
396d2b31,a_964f2afc,0,5,HaFIF2H4rSw,TDTZKLU1euw,s0HmZNd0aoc
39b28b1f,c_90b521bf,0,2,Va28MdO0TJQ,yfEmBi2CDFs,r2FQFYT4eRw
3a16ad0e,a_abf44737,1,2,Ge6clVGQMs8,tx6T6YUCXgQ,m7i0iz4HvLo
3a60db07,a_b3d12927,0,2,8hch3VArIVg,JTAnRkLMv7U,BpXzGE7e9RQ
3a735458,c_669d48e4,0,3,qABe04mtNOc,UuLiGhpqUNs,4xJuGqBIhFs
3a7e29ae,a_374d5973,0,4,ZMhz4qXrY-0,O6EhJyoYhOE,fCMffw4qq4k
3ac3052f,c_95aa7a89,0,3,6KN1Uk2V1NI,KVlYKdAgh_c,h4_aBWkDQC4
3b5063c7,a_1e62eff3,0,3,KizsyU4SMfA,jLshSW8MeZE,t0frirPBfPM
3b7a6ce1,b_c628049f,0,2,y41AUYWfG0A,fO6JebRGQfg,IEkLSfs1F68
3b9453b5,b_42889c2d,0,2,SmiTn19HA-c,SWuQg7TOOhk,6VaONG8EtOU
3bb8b6bd,b_6957fcd5,0,1,NYZYW2RoOD8,xLAf86thEXQ,gxNL9RU87zU
3d03f925,a_cf98c77e,1,3,AXMEe8bYYdg,a9iJ_kE_okY,EihK14OuD10
3dbad0fb,a_a310c11e,0,3,DqMi6yBTQj8,h_X4s6_IiII,g5UGhcoF81s
3e1c2180,a_338f94b8,0,3,jhniCZ2S668,4G7SbTYnJVE,XhwHct2DDss
3eceff37,a_a310c11e,1,1,pMqtHxDTFe8,_2z-sxziiEI,IHkv9I7R1TY
3edfb389,a_76cfae4c,1,3,kA4880OPJ-A,wi79TsIH46o,PoM8GqWA3Qs
3ee06b32,a_4ac99fc8,0,1,pRIHkEbDrfs,H8KW-n8DYRg,2W4gxy-54q0
3f171f65,a_35a978c4,1,3,wSRIMhb7fLg,QniAIJVc0TI,7VepSNBUuOU
3f212c3c,a_27b1998c,1,3,tF7suGQj8bE,hYVov9hpdoY,m3IIuY3st34
3f962a6e,a_6484f669,0,1,TH2Qr27AaPA,g_k3mx_fHFY,MtvUCQ2ofUw
3fcbb6ff,b_af86a83b,0,3,Ow3t-e-TVeo,CnboXLRnVNo,u9xCvQKRWN0
3fd72f5b,a_eada2100,1,3,KbOAnJ22f-4,33EUTZ5JpYU,nWvXHZj4lm0
402855de,a_253650b8,0,1,2U6Dczl0rdQ,et64z0bA1GQ,IXgX_r-x-XE
4031cc23,a_374d5973,0,4,zrjxAhseJ3A,gMfgFGD9mS0,zrybIYU_JWo
404ca18d,a_3a735b61,0,5,"","",""
407c98e8,a_d3f32461,0,3,AhqO8xwU-Ew,TGWpjpu8xQM,MBAwMJwtAAU
40c320d8,a_124b2b81,1,4,"",T_PHEJkXSoo,""
41104275,a_e5c021cb,0,3,uEX8us6Wy8w,rev-L6mm8qs,UZ8sviwM7kI
4114f1cb,a_3db99689,0,3,vZ8gteMsQGc,U80s-B_jNZU,k5DK_jDofh0
412e44dc,a_90a6ea35,1,3,3xyYTVzMdkU,wtICHCdsb4g,055I47EG5ko
416020d3,a_8064bf1a,0,3,XBHisKLIIOw,dPX0_IEXVRo,AAr2lHZLNyU
41b1d54d,a_909cd3e3,0,3,GzTAi3JQ3RM,5gZsGSw-E9c,rKymMIFzth8
41b36385,c_fc69c217,0,2,"","",""
41f819ff,a_253650b8,1,1,fKdfb2d9hio,EnS-y9XdUEg,16_SUESqk8g
4275f0c2,a_02ac9fef,0,3,LyypunOaerY,-TqKA_WSatk,HMO8dQgQIuI
42c2c611,a_1e62eff3,0,3,"","",""
43107542,a_c9b736f4,0,3,DUfvlcgVhKw,-tU1M7yi9Sg,NGupDnOFLG8
4343f001,b_ca5535c4,1,5,vlo0V67iwN0,kqzL5e_3z7c,66ZyeEUynqU
439d1e46,c_fc69c217,1,3,ZzC4HD5BytY,4nhtIHCTjxE,RzrE4sgRGpI
445f85c4,a_41c9dff6,0,3,5EC4BynJ1MA,f3nxvru21U4,MEMbry3cYsU
448bd162,b_d27e5916,0,2,vTGggUdcscE,71AoxvReWYI,HlQkksP4Tb8
44c36033,a_ca0e48b0,0,5,fJ9rUzIMcZQ,kP4oluZmjzA,NCtzkaL2t_Y
44f2f998,a_6ab2a6c2,0,3,Za9BWNQaJYI,JuWv8SbWb5Q,xaza78a8RdY
450d895b,a_57d52371,1,1,e8HRTlkGD4Q,T3NRhx7XITY,7-vz6JvkMbg
458df711,a_338f94b8,1,1,HHa2gJeU3m4,8Id3KtTqGRA,yPZ6vngCRts
462414a5,a_2d846716,1,2,sD1irjGnnbY,_6SRxOTpZc8,SsNs6fdrxFI
463623ad,a_124b2b81,0,5,ioL0A_DVXjY,dsyF2s-YnP4,x9Oc82Mu5Eo
471c7866,a_964f2afc,0,1,B3LdMKVGXBY,Fwca-kKVFKY,Pkvd7hU2N3w
4734f49d,a_da8221d9,0,0,r-4XumkB2Yg,URABwFBT8Ok,WCHtpnZdGA4
47c7c465,b_d27e5916,1,3,"","",""
488ce7db,c_bc149f42,0,5,A_EGFupG5Jw,afnPGDVn4n4,Y3CXdnnAXLQ
4893b47d,a_07392b8a,0,3,6yLR0RNH7M4,L1NaSz18DQY,svsAhn7PdHU
4a57f7c0,a_cc9fb925,1,5,"","",""
4aaaa8da,b_979b5e79,1,4,_Qgy_V0CS6A,iL3LjxeRpX4,PKxWiRWhh-g
4b3dd78d,a_d3f32461,0,4,aTOUGm7vzSc,jfKfPfyJRdk,kEBGl-ZxGq0
4b9e175c,c_970d2a51,0,2,uuPQd0qRZro,mUfK3iu7-N4,Rx-xTpxeOUQ
4bac00f5,a_ef127a78,0,3,g7C46IESXKA,2xXlS9pQSo8,XMx0Xqq2c-4
4bddc83c,a_af750dcb,1,4,GPdLEKzHd1g,EW4iydAQCUo,xy8Y6c6uUl0
4c1ff5c3,b_f5352884,0,2,rt8OiNkaiwo,QYyBt1KI5cM,meMdPK6JrGQ
4c45da6e,a_909cd3e3,1,1,SGJwRyipB1I,Ac2e5cTldgY,m5OccWiXjO4
4c461f02,a_badae39d,1,3,yyrBu9beO5o,wj_sOt9wFWc,NU8msYPxVwM
4c79947c,c_a062a225,1,3,E4OCXwoS67o,mKy3KgjZfF4,vht737B8bpI
4cbc177f,c_669d48e4,0,3,ptiD6mxhZ3o,3u_t_cm7hXc,fR-cWCrbFTk
4dedadcd,b_c628049f,0,3,"","",""
4e0f34ba,a_6ab2a6c2,1,5,GR0GYNdDF7E,sBYRVPMC6C8,SfPkl7lol7g
4e25085f,a_44e165a9,0,3,PthYlwijeRc,u615TRroFtA,jB-LKJ5uyCI
4e34b287,a_3d1de17d,0,3,f3AVmU0eu3A,MQ5N05ky6aE,uSA2BKakOvA
4eeb7c33,a_35a978c4,0,3,"","",""
4f51e9be,a_8ec282f2,0,4,k1WqYDq4EnM,b-qfyAoew78,gDsAb4PErTk
4f63d16e,a_7b29e23f,0,5,_E9h_qgF5Tg,fRMOLlIwIFo,Kv0zfxzhSF0
4fd42938,c_a062a225,1,2,WTDzP8-B0eo,Kqz3Spe7ULI,L1NaSz18DQY
50254edf,a_289e36dd,1,2,MQvxXVAI4BY,HBVEzpBT64o,cBGAA0MW24g
5049c291,a_eada2100,0,3,7dUfaCD5Y0A,0melyLHqP-s,j57Pas4wx-8
50534439,c_7f59f421,0,1,Q6Yh9L6IpVU,0D2YD93TNaE,3znwdNh9fv0
50bcfb5d,a_3a735b61,1,4,VJXVjj8L4Go,2PoVOuoeHao,9VLRyyws9KE
50fb0ca4,b_979b5e79,0,5,3IJbE1lb08I,tCoRT-mGp8E,rjepkksA6NM
516ea3a0,a_da8221d9,0,3,fxDDMR9StQ4,iR13XzN2tYg,NvjtirSMUng
52d33db7,a_3d1de17d,0,3,"","",""
52e06f08,c_970d2a51,1,2,sMTbJUHAckg,405HeZ-pRHU,4eJM5oHXuvI
53ac5547,a_253650b8,0,3,-50XWu5_bbc,GVNuE4K6NBE,-6QwxY4wuvk
53b6aba2,a_195fafca,1,4,PJKGDtmmwhU,WEzVDpzNr6Y,dJn99MGu3MY
5430d421,a_e5c021cb,1,2,0Kx3sobEBFE,j65_xyAlkns,mSco0oUym9I
54f3dd4e,a_d93f639c,1,5,iYiYtYtPZDk,DHuaH73rHIs,_oIKv3z8N0s
55267583,a_abf44737,0,3,ED1rYcoeS-8,8xzVXcLUqVA,lJEx1IbozfM
553e7d23,c_669d48e4,1,4,FqmYc62HUec,KVT0S0j7F9Y,o-2M8m8ohr0
55993d62,a_29008b58,0,1,Dy1c7GKAbBI,ireRUtf3APk,z7DqxHzyb4w
55a76a6e,c_90b521bf,0,1,6g1Pm-slTPE,tR2oqBzMwcE,Nwxodk2U5lE
56206b80,a_909cd3e3,1,4,U6gQKJNlewI,CZqcSA1rVW8,NPGU__NcCAs
57dbe8c1,a_374d5973,1,3,hidf4QVn2BY,p8MxBwuY-kY,SfPkl7lol7g
582a08d0,a_ff99ef7e,0,3,wRKnp2Y5AWI,HHqYfD917ls,g-iCMNw1qVo
58e20b8c,b_cc927cf8,1,3,"","",""
598be29c,a_7b29e23f,1,3,"","",""
59b32437,a_3fe57e9a,1,2,12UlaKyRjOc,DAiWR7BKqxY,jO73_iP5z9Y
59cab64e,a_eada2100,0,4,KW631V6dsYI,DZircHAnh5E,HXGgmVZu1wI
59d9e81a,a_f30344df,1,4,DZTAXk2NOdc,-k1wAUF0NL8,J36z7AnhvOM
5a690860,a_02ac9fef,0,4,a2kd7ThELAo,9bYWpUN7rgw,QjJP0y3ve4A
5a9200df,a_ca0e48b0,0,4,qoFrUoRj0u4,cm0bcaGchmw,HhOmWCepYv4
5ac4964e,a_9d0cedbf,0,5,yczyoVPxUWg,_329geENSGU,A7HDHksOqkM
5adc42ec,a_253650b8,0,2,YEyE_7MWePY,uuPQd0qRZro,XHMUFuHG_U0
5b4ad664,a_cf98c77e,1,5,JHRLxH_PrHo,RF8zbEHBEto,S9zjdlcpA8M
5b4ec50d,a_cc9fb925,0,2,fGeipVbBO0g,XyzJFagIrwg,1tOcNASRync
5b570cb9,a_ef127a78,0,3,RNBiaZbFGII,utmsRwa9oEY,VaRbTEXBwW8
5b638ccc,a_07392b8a,0,4,I1uoQ4FnW-M,8vIdA_YdWbQ,-9i8lQU6Ukg
5bca87e0,b_c628049f,1,5,H5OKsLJNmLU,"",""
5bee1681,a_7b29e23f,0,5,CoxpbqTetrU,bnLpef9P33g,ZYaR2TjADzU
5cc18d0c,a_29008b58,0,3,XchcM_1z2u0,Cvg_LMHrAa0,ILnORoqDKtY
5d33acc2,a_3fe57e9a,0,3,4jFNQz5ik-U,hBM5c-hEMsY,hepgb-pjGyY
5d370ed1,a_90a6ea35,0,3,AVjttsMpzhk,XtGlDTlnxBg,0CvvBEveyek
5ef7de74,a_e5c021cb,1,2,O6FaZwpv1hE,smeDtYJaPnE,wJpSugF85go
5f3cd546,a_8064bf1a,1,3,imCv305hcfI,coYw-eVU0Ks,uCbg_uS9aEU
5f5ab766,a_fcb5bd36,1,4,1e2jByS7o88,nWvXHZj4lm0,X36Q8woguIY
5f9348a6,a_f30344df,0,3,jopg5oiTr5g,kVYcHa_48qY,wyOGoFZp44Q
5fcec6d4,b_f5352884,1,2,pBLghzDfnL8,LjfOqGPwScA,jR-59GLu-A8
60000d07,a_d93f639c,0,4,G7saU93B8SM,dYAKUAV3KQ4,YzoOtAW4zFw
60091918,a_124b2b81,1,2,A-uIDxTo9zY,0j4QDSUGrFY,NNTZaLonplA
60301668,b_af86a83b,1,3,BTsXFheBmHc,7L6ITuEIfmE,kSnN-Xpo9RA
60411760,a_6ab2a6c2,1,1,yOHaxPN636k,qywNl-EreFU,jLvlOtIfUmY
60504695,c_970d2a51,1,3,dltPHAmdI2U,oE-7gx7SQmw,uQawrz-u-aY
61768817,c_bc149f42,1,2,"","",""
61c13ab0,a_fcb5bd36,0,3,_7Z9FpW53iA,HqhxbsM88-4,Efy12sEUAtM
620f5716,a_41c9dff6,0,3,GJPPK2rIeMg,t_FrkBNGlxA,8d2RyotAGn4
622116b8,c_95aa7a89,0,4,4oqYGdPeWR8,ao0NkKSoVrk,WJmE6Y_RUJA
626e799d,a_ac8bf375,0,5,Lw-Evj9bwXo,PAeV2GZckiI,GyyA6jMxSNs
62b50088,b_af86a83b,0,2,"","",""
6344a6eb,a_35a978c4,1,4,pgXpM4l_MwI,1kUZ0LoUELI,abKcYyQ1V7Y
635c4454,b_af86a83b,0,3,Nuy3XE8vjgc,tynCwTLRX7o,MUSpJdlujb0
637e8b52,b_ca5535c4,0,5,EHPK0knuhRo,9kTuVglAonY,V99gXTLHadM
63c02c38,c_7f59f421,0,4,29fLtHOhLvA,uvjO-BPAAzM,29hjXXe4XlY
63cd6782,a_6484f669,0,5,"","",""
6437e4d5,a_3a735b61,1,1,FPV0xpIXzOI,2f88uZD6ZEw,F71zTEPwy5c
64795c45,c_95aa7a89,0,3,0CyJDcAZl7A,iKWmRIflEhc,42Vc6KxolbY
64b3483b,a_35a978c4,1,3,"","",""
651298c4,a_da8221d9,0,2,N9zhkuXWDyY,fCMffw4qq4k,l3SXl-ejvVc
65ea1931,b_6957fcd5,0,2,NhLIT_gujm0,pJtvOK6WSH8,rzorP3oBZ10
65fc6957,a_195fafca,1,2,zfMrKOoqMpg,xmaBQvD_ox8,356x5bg5Acg
66119ee7,a_76cfae4c,0,3,PeCPh4qs9EU,F2RnxZnubCM,NL_TqeUunUs
663cc15c,b_0f894663,0,2,QuJj7HVFbOk,gxFmmR9o1DY,M3HmE5Dt5A0
66f25312,a_2d846716,0,3,iMYq9KdHsKU,gtPn1hchv-k,Jh0XKwBUBgw
677482d4,a_1e62eff3,0,4,5FAIBGrZYhs,Tv6kvtagui0,EmdwoDxCcNQ
6897e222,a_ff99ef7e,0,3,EuDME1JHicY,eciPg6fcCVc,7NK_JOkuSVY
68ff06df,a_964f2afc,1,2,SnjsvlVSu2Q,-Axq351c5s4,7RjvRloIIP4
691c67b9,c_95aa7a89,1,3,d1DJkiwTFxo,Ua6J05Q9jXs,6GTFrSJ4HEo
6920efc0,c_a062a225,1,3,bSt6QSa2QKs,NNp08pT3G8g,5HB43YxzE6M
6972e464,a_dbae58e0,0,2,_Nv-Ex2XiVM,aVnt1Czxzk8,ipkY3C-IFCo
6a160e10,c_db214b97,1,5,tfkd5foZuX4,-AftvAs0B-g,HEeAlmN9-BU
6a25942c,a_4806747f,0,4,uOiqLKRyhq4,LRVZKuCWkPM,Eeq2GCcwcsQ
6a2d8084,c_fc69c217,0,4,yoJ8Lc64V9E,B7XTkvWTD1w,OYmqSj1xql4
6a2def4f,a_35a978c4,0,4,Wj-p2ynEcdA,OqVuQCOV6vo,U6bZm1_nUkY
6a4e0c46,b_0f894663,1,4,feSVtC1BSeQ,"",""
6bb94c0d,a_6484f669,0,3,LGr0jEr0zLg,2pG4TJyjaQA,jDEVhqd9Jag
6c31bf36,c_669d48e4,1,2,eSwFXH8UN_o,55p46DFaO6c,TLBjw8fBepY
6c3c260d,c_a062a225,0,1,NX91oLl1W1c,phfoVi4X1Xk,qhsrWzQZGAI
6c7e8edf,a_af750dcb,0,3,Ntt6vNSXh1k,vjHTSg-ykw0,5Nu3vB4BL4M
6d0c3434,a_44e165a9,1,1,GV8ICFzpcDc,nB2Ot6y9NxY,H8rHrGSLSOQ
6d5b3ad7,a_fcb5bd36,1,2,Wd9dYtB3Ah4,t9rKNcUN67E,38oV8H8Iszg
6d6179e2,a_eada2100,0,3,93KTV08P0hM,9FPx4B6CU8U,BR69pi46d_8
6dab6c8b,a_b6254a32,0,3,7N39G6bBlnQ,0NkDkeNZFRQ,8hnvwHZW7KY
6e4c30c9,a_fcb5bd36,0,3,"","",""
6e7b3778,a_29008b58,1,3,yNnfRMiVsDI,mMaWhGJXjKg,CBzDQINMtSk
6fa96e74,a_abf44737,0,3,hTI7lcakiLw,JZDhVkcGbao,jJH0VKFUIfE
6fb0d075,a_fcb5bd36,0,5,v4QpPphd02M,FNM2qwJyHFc,17uOOtV1YVw
6fd634cd,b_f5352884,0,3,-Tu4Lvq02EY,Dc_OZNqgL3E,wSRIMhb7fLg
700883a2,a_35a978c4,0,2,WCv53PV029g,Pcep1vgqJCw,Mm984HNG8tg
70311352,a_9d0cedbf,1,2,aVKBDLH48d0,BZ6vLfgCVAU,D3fr7r1Dyjs
70452a7b,a_af750dcb,1,2,rlwLK5vBFNc,0LN0DTaWLpY,uXCe1y8xHng
70ecdd07,a_338f94b8,1,2,b-IdWQOSEwQ,zf3q20aj4vI,Bl3K6K8UNqw
71de7f98,c_a062a225,0,5,RZZc6aoHnUA,l5sC02kIYcc,95VDT-38riw
722c2981,a_ff99ef7e,0,3,gCCTq3Viab0,5FmgDiPp3CA,C1lwAdzcmgE
726f38c8,c_7f59f421,1,1,RgPgfQfE2bE,NVb5wLxB5NQ,EH8bj73xL-8
72fb48ce,a_b3d12927,0,3,K-_QUcCLD_E,Pj9aP3S0eW4,L3z6rcD_LQ8
73040289,a_ca0e48b0,0,2,30roBDlCA7k,74T_82Kiv-Q,KjsVvnTsh7A
7308437c,a_338f94b8,0,2,3XxOiWGP3O0,G7RCSrs6H6k,hmJHGfMSuP8
7310a62f,a_a91bcd65,0,3,aqZut-TpBbY,DWuAEeZUA7U,j_8weqzUDwk
7361f865,a_b3d12927,1,2,VLPp6Jx5xYw,yuhEzkfw8y0,H5DTfdTe8j4
736ddaba,a_3db99689,0,3,YiH6r8-nOXk,QzIKzJskORI,edGkoUAZVso
7371268a,a_374d5973,0,3,fANEqmAF3Yg,C7C9kW6jAAQ,OtJvFyqqeo0
73760490,a_1e62eff3,0,4,VdcTWiiHMuo,wBwNy1kqitU,eZTjKHT0yPA
73d95a09,c_90b521bf,0,3,atgx0Y5canE,hTWKbfoikeg,ENXvZ9YRjbo
742b4d66,a_90a6ea35,1,1,Yb-rLsCpBvI,XMJ_w68RICA,W_DSuIzd1Wg
7487b5a2,a_124b2b81,1,3,2qs9hbKgIuA,m899mMPvn8k,cdQVhWP-ZXE
74b1868c,a_44e165a9,0,1,ZwUEPSEFuFU,D9pvfsFVbkQ,O5D7CCsPNqQ
74bcda26,c_95aa7a89,0,3,w_-xTsCdTt4,xHkiD00lKIw,1csqp1epJ98
74eb2815,a_76cfae4c,1,4,ry6Nrpvb83A,vDC4r2eoNZQ,ePuwo3lYwgc
757fe465,a_d7855f4b,1,2,YjohMzHkBqI,fhdX3Wcxwas,pL3JAKQ3G2A
75c0fd54,a_af750dcb,0,2,Q4RFCJWhRzo,wAvDCqu4w3g,vKj1ygLykYI
75e8d95b,a_8064bf1a,0,3,-KrEc1gx2t8,JbzoNpPADlU,LGonBP-23qQ
76115427,a_eada2100,0,2,tiTtgq2Pcow,zxdEjguxwac,""
76e251bc,a_fcb5bd36,1,1,"","",""
77222051,a_dbae58e0,1,3,-uyJMMoTbM4,7bc0dbUMR7E,MSLxG6v0Q58
772a87f7,a_34ba6327,1,2,CHFif_y2TyM,3I10ZiDEX1Y,0L38Z9hIi5s
77bd45c7,a_e5c021cb,1,4,vTHstPczIDQ,IuKs1vGqCAw,6u7rlrin1Uk
77f98ff2,a_3db99689,0,2,2mKfHa5tRVY,leE02uqgaKg,uTeG4Q1pFrk
786af57b,c_7f59f421,0,5,IbQsoYduPwY,05Pujn9WPRI,7LtWpaERg9o
791401c4,a_d3f32461,0,2,rKa3NJJZV0w,Ntt6vNSXh1k,vFqpMLOdhQ0
791f2a06,a_8ec282f2,0,3,F2eLZocfZkg,LVv2enMdTqQ,Ld2J1KsYFeQ
7a051f4b,b_979b5e79,0,4,ozMggCilwmQ,z_bqZp8MUOY,aZSRbyMLD7E
7a1a35b3,a_3fe57e9a,0,3,SyyS5mtVeCs,ZRtdQ81jPUQ,FNpRi2WFgXw
7a2ba857,a_f30344df,1,1,xPQ5B28ofS4,zzUyUSxmb-c,PHr9mwaEDfo
7ad1d949,b_979b5e79,0,3,6-3gTpjkZzw,XJZMpWdjBVk,2L7w0NIi70o
7b112d4f,a_5562c89e,0,3,F8g0xFIxrz8,dxgeeU6OfLI,NhLIT_gujm0
7b17f59e,a_d7855f4b,1,4,bUP9tGSxpQI,mHP6-D-yBEw,w9V3x61D994
7b396449,c_970d2a51,1,2,enUZ-gZEHrU,z5Pr9iVmCME,Y8HeOA95UzQ
7ba856ad,a_44e165a9,1,2,FU5FxTP1cpw,Atvsg_zogxo,8bfLXm0s21o
7bca5e41,a_d7855f4b,1,3,BwEFnyZg5W4,"",""
7be10a2f,a_da8221d9,0,2,rVvhsYQRXS4,FomsI2Te5U0,V9xyDIMGs8s
7bfcf1e6,c_90b521bf,1,2,JwBr91xQq1c,DAHuKjiQhzY,f3AVmU0eu3A
7c23ceb0,a_ca0e48b0,0,1,a7DFSi9OEy4,Bye158SIsf4,4duOVHOVLM8
7c43dcb5,a_3d1de17d,1,4,FCdaZ5bWHOM,f4bBcNV-S5Y,ngTwel9bVGA
7c79f1f3,b_979b5e79,1,5,EBOv_XxCzoQ,dny-YcH5Pdo,PZK7gQGzatU
7c858fbe,a_195fafca,1,3,-lYeY9fqohU,bCX_SPXgWtQ,h4xYHWFCQ3c
7cc70b64,a_07392b8a,1,2,r7YzZyc1aJE,YxNZWXg0znQ,vQz1F4HB8Z0
7cf8ccba,a_7b29e23f,0,3,gLsMIufWImQ,45vLGQKZ1BI,xcKiUT49p7g
7d76a037,b_cc927cf8,0,4,gJc_ZTY7q84,BmvDQ7ieqgI,6D0tTgKB1Lk
7d81b275,a_c9b736f4,0,2,ULcGiUxNwV8,rfOVtcI5p_A,ayY4bje9L7Q
7dd808d7,c_7f59f421,0,4,eOz1CzMBmuQ,vptdHEUZN10,""
7e26daae,a_e5c021cb,1,4,XHhbeRJudY4,OiVU-W9VT7Q,v5_SYkFpFiY
7e2d8ba8,a_3a735b61,0,2,1Zpd_TLvs34,t8J04f4mQBU,PUdrCJSly_A
7eda9939,a_c4387204,0,3,XFnB3pbSgKo,8y98rG2jgLc,0d94TIpU20E
7efb1de9,b_0f894663,0,1,R9qirjL3o-I,iX35yxAxMp0,u-8R5n54toE
7f473219,a_6ab2a6c2,0,4,EW4iydAQCUo,bnzPJhW9XQg,poiZSEjQBgw
7fba6aea,a_34ba6327,1,2,8AykmBipj1A,iWK7TmvvjSw,lP6W_0hJ1po
7fc0d550,a_ff99ef7e,1,5,RhKa8ndu9zs,BPzuaVXzP_8,fYnvxOphepA
800826f7,c_fc69c217,1,2,a3JwVK-O3hA,z0B2maeg9y4,4gXmClk8rKI
8056b049,a_da8221d9,0,2,zmlS2DqiHnU,_jwQJ_nX634,gG4XQrRHV_I
8163a005,a_badae39d,0,2,Jz7WdjFV5aw,L3SUQKd_onc,Q9h0kf_dfKU
816b7592,a_90a6ea35,1,3,U1Gz_0iRsYc,7gYOijQ6KlM,F6KYaWzDAJM
82f92654,a_909cd3e3,1,3,a_vfiGjCkOo,DqzbII84XTM,Bz2bxwQNayk
83157c6d,a_8ec282f2,1,3,lDhOom9j7i4,adZTZSaQkjE,oi8afZobpE8
83387fd6,b_c628049f,1,1,euxDNPttYQ8,uv2eQhRBDgE,E10ZhZg5-aA
834253f4,a_7b29e23f,0,2,6p8JuNNr4Io,ntgdQsJJb6A,K0hjbO8Lkz0
835becaa,a_289e36dd,0,4,idwLJ1eMr_4,77_RwV25FpY,GVqLxv-LrSw
83b3e09e,a_a310c11e,0,2,4P1DDo1cmYI,jOF2GIArQL0,UFNBgOi6vYs
8442d77f,a_07392b8a,0,3,nCW9LlAo9Nc,aMUO0zcvJWc,PublZJzicvM
844b69ec,b_979b5e79,0,2,vM23DKojnq0,efnwNsNgv-U,YfbStJrHV2s
847c29b2,a_29008b58,0,3,Ai29o8ekd5w,K2kA5mRRn08,3qgFmd-iC2Y
84bb122c,a_35a978c4,0,1,82sZ411kjlA,UwOCgPx_LU8,HwvSdRFQqrk
8503ea7c,a_6484f669,1,2,yvChjk8f_kY,binmcL3w2OE,u4lbOvUMOiY
852b5996,a_d93f639c,0,2,ndTQachSUsQ,ufXqGW9TeX8,GmnhZ1yI_Ik
85455b30,a_6484f669,0,2,ILQa2vKfvBA,PdviFIXp4ww,dIpTjQg4Zd8
85623ebe,a_3db99689,0,0,AgJRoni78EQ,2iy-r9C6rOs,zsSNMXUpUDk
85e7d685,c_7f59f421,0,4,1GjTr6TNCUU,41GKN22dQj0,Mrjv_i_lVwo
85f103e3,a_b6254a32,0,3,4ybVA0tcmIU,_MvObaZNvj8,79XaA_4CYj8
85f7fc18,a_1e62eff3,0,2,5bJuIYpalOU,Z_0hj1p8UiI,v-WcMQbXbKY
86c11e37,a_90a6ea35,1,2,SYqnQO7ut9o,3jFhgVp-AWM,r7YzZyc1aJE
8769cf51,a_badae39d,0,5,"","",""
883cfd53,a_badae39d,1,2,0Kx3sobEBFE,j65_xyAlkns,mSco0oUym9I
88450961,a_ef127a78,0,2,Yh5r7PHfuD8,55gDUyK5QvA,41GKN22dQj0
8874080f,a_ac8bf375,1,2,aMuvfEdICjM,qY-k-AxKwaw,3h51tTeoG3M
891b3a75,a_1e62eff3,1,3,6LTBGpbI9_o,qMahp6ACz1M,D2yYD_JQqHw
89324844,a_cf98c77e,0,4,"","",""
894b62a1,a_ac8bf375,0,2,tR31pzIejDQ,IWfRNnzJ17M,PqErAB2ICho
8a48d520,c_a062a225,0,2,3SVuVaPoJ_Y,DQiG-4YdHXA,uCtKmHZ5QIo
8a797468,a_b6254a32,1,3,"","",""
8ac4f97c,c_669d48e4,1,3,LKSFUrvJH_E,u40ruOsOlFs,Y_eupIwWM9k
8b659694,a_289e36dd,1,2,Sh14_epeWIg,t3MqRCRd0V8,nMPnG8iE9qM
8b8f4435,c_bc149f42,0,2,YbRp0b41O8o,SGdtUi_GgCM,ElzxWpx0lcI
8bd550f6,a_27b1998c,1,3,XVRLbVdc4ng,sBYRVPMC6C8,gH1bSIXH24Q
8c276384,a_e5c021cb,0,4,aVXA09Litcc,oj5IP4uXNgc,A9HjGUtflZg
8c5b86cf,a_57d52371,0,5,NlDv-0MKt8M,r0LTJzwOMEI,ux4uRb3Cj7E
8c6c9794,a_9d0cedbf,0,4,52in8wvOZio,pT7AdB_uD_g,h_GoILVF_4U
8c95c00d,a_cc9fb925,0,2,p3SeKq7aZHM,XalAOCYUk9w,jfKfPfyJRdk
8d081b49,a_90a6ea35,0,4,"","",""
8d6b973b,a_cc9fb925,0,2,ZF5gi-R2seE,Sg8E3QXyrpc,qNfEqvKUyGo
8d9378b6,a_07392b8a,0,3,XnXMUMx_aQs,G0VdTxkwexc,_4ejLOdJ_Ok
8e0dbbe6,a_cf98c77e,1,2,1G27LZz6zAM,5BBnRj7tJqY,7C0Nl15HVYs
8e0dc488,c_bc149f42,0,3,e9RVh2bXA8M,Ci_zad39Uhw,w0sU_CK4-MY
8e1e710b,a_90a6ea35,0,3,CZ0rJL4avxo,ZY-zE0_13k0,EaCI_FUM8SU
8e733be1,a_1e62eff3,1,2,3TlqeJ6_Lrs,EVq65J8_2DE,rD_tJzS3UME
8f249acd,a_90a6ea35,1,3,WlcjBqImj4U,MAKToc2EGlQ,jhXXyP4UGks
8f4b1076,a_253650b8,1,3,"",KC8ptQwzpW4,""
8fcc6d7f,a_5562c89e,0,0,1W6EIbplSg4,MoUZd4FlXJM,AOtvUnalVYc
8fefd24d,b_cc927cf8,1,2,7hjZ1ftvPBs,wRRyqSMB68E,vbECKyohRKs
904647b0,c_02d2c77f,1,2,gEmUp1pw2yE,hyqzA4LRcOE,qhjoOgon0F8
904b92d7,c_02d2c77f,1,3,SU3xKcEU3sg,CE3uFXUqRDA,aPSrw6ZYUA4
905a022e,a_5562c89e,1,4,qKVYl0wBJgA,Eu2n-XIT30E,Oh0YZYItHF0
905e1190,b_979b5e79,0,2,"","",""
90642a0b,a_f30344df,0,2,imqfQ7e-BZ8,7M5mVyKMlp0,vtfdwTfHAzk
90aa3e26,a_07392b8a,1,2,rXrBg-eN54I,CN-Ja6jCweA,mTMs1S5td74
90af79e4,b_c628049f,0,4,qm3VjHgtRcY,yXZd7xVdpJ0,86ue_DfXlFU
9192e45f,b_42889c2d,0,4,ArXkcbnOTeQ,kIb22SYvo70,eGxsoMpOCE0
91a06090,c_90b521bf,1,3,GnG8R6Ap73I,dEcr9M0xKE4,UyzQCESzrQ4
9229c7a2,a_af750dcb,1,4,"","",""
92463326,a_76cfae4c,1,3,3b6AGNSVpWY,PRiVgE5AUDo,b6nUKDs6kJQ
92568d9f,a_41c9dff6,0,0,mi90dovkbiM,Il4e4t4MprM,9Fq8TdUNuGo
925c8c2d,b_0f894663,0,1,YlNCIXiCnUQ,CVquVqU6bR0,pUduqDIldfw
92607af3,a_a91bcd65,1,2,EtqDxYSAZVs,aGZMq_hNA1k,d9EA03l_OSM
92a2fc04,a_07392b8a,1,3,farZts9CaOY,-L9dqdDX9Ow,""
93235254,c_02d2c77f,0,1,DQiG-4YdHXA,soFAqzJDnu0,XlVoZ2hpWUs
9346d2cc,a_da8221d9,1,3,_Qgy_V0CS6A,DId-aYJ67pk,fCTd7Elrk8U
93c21bfa,b_d27e5916,0,4,8bH1YTAnlS4,mWqbvf5mCYk,55oevnO-8Kw
93ee56d8,a_ef127a78,1,3,RU3j3DZrP4w,f-yPEXutcvk,XN0gZ80opg4
93f7a1e4,c_970d2a51,1,3,Vla0pvqvmy8,wcSh3HShwy0,jQ-6x2ymSTc
93fc47d1,a_3a735b61,0,4,W4k4zHnmcnU,8tZdSblLj74,Y5vsMqlIYDY
9406fa4e,a_6484f669,1,3,Q5eRUZerHfQ,vbvyNnw8Qjg,j9qLfyLowjg
940e7bb8,a_57d52371,0,4,"","",""
94181df7,a_ff99ef7e,1,2,NSg-TRbs4c8,L7Rwwq9JbYo,4fPCbGZ6c_M
9440dab1,a_3fe57e9a,1,2,CM0OhS9OZdY,9nHcsXJQhs8,7vwCvLhtDW0
9603e196,a_da8221d9,1,4,"","",""
961a9f3d,a_b6fcd21e,0,2,At9NMXTvrdU,_4imgTj9jjY,NfkQRAcqjw0
976076ef,a_124b2b81,1,3,DUxXghx-5zI,8ajn3HXtBdQ,ETDMc66EiJU
97cfbd1f,a_da8221d9,0,3,PhxY1syGxvo,Y3CXdnnAXLQ,JczxEE0OC54
980f19b3,a_29008b58,1,2,GvybAggBkrs,4RroOApkP-4,7HnqhxNSeb8
981081bd,a_af750dcb,0,3,fDE3LD_nJXQ,Nuy3XE8vjgc,IEkLSfs1F68
9832d588,c_95aa7a89,1,1,kq7yUQOI31M,_Qgy_V0CS6A,nIh0JrI4PQM
986d96b5,a_ff99ef7e,0,3,BGZ4Rwx72_8,p1iwR7PM1gE,osQ0RAhat5c
98942e07,a_4ac99fc8,0,3,oG9LOE_t3H4,pt7PlRhNqwA,dEHGrJjJfR0
98a460c1,a_b6254a32,0,1,PZZjEMoyvro,u14vk8M_Y7k,KGSAPF8ADRg
98f111f6,a_b6fcd21e,0,1,Xp-Bno2Si14,lSwRvqCXUZ0,7LVw-38VuYk
98fa4b35,a_d93f639c,1,3,NUL-ofNDfZs,uyFt7O_cNaQ,jgXnOt7PO8s
99076395,a_badae39d,0,3,hTI7lcakiLw,c5UkNCm_UWo,7EdHla81PCI
990d6ef4,a_374d5973,0,3,1nql9D02gH0,eRqDEH9Lrds,gwmUm2agp_o
9924bfb2,b_42889c2d,0,1,h1u9dnU0KrE,4rDOsvzTicY,GnxnNke6Cxw
992f3e50,a_4806747f,0,3,ZQDCndElNUE,aRvNbqd3UZU,sPMBDgNRiqk
99544a64,a_8ec282f2,0,0,S988Ld_nrkU,MI350IA4Kik,rozWqpW3h1E
99892ba6,b_cc927cf8,0,2,bnpU9U31Y8c,AJ521MYxKAw,eLhe_kBxSTk
99dedb87,a_5562c89e,0,3,"","",""
99e1f647,c_02d2c77f,0,5,ydS8kN3egxM,FC5Q_2GpSt8,Zglo0mdIFY8
99fa5c85,c_7f59f421,0,4,7h6bAVmpm3s,OAedEj765tA,TljcIxOKNCo
9a6aaa18,a_1e62eff3,0,4,7fCYMOZuF2U,jh2SEejcgDA,BcWuAWsX_70
9a8093af,a_a310c11e,0,2,WufhBlb07JQ,9BhOdVR3rVs,SOVHHJZSht8
9c63a6a2,a_27b1998c,0,2,py7vc_QUMAM,hQKEXbv_VJc,sM7958Hx4Yg
9c716355,c_bc149f42,1,2,P-ULaTE_CZ0,jFCOp6Fh5Wo,Jx-tqntWPCM
9c9adfbc,a_6484f669,0,5,FJWumG1jMXs,cIjqbtVYxEw,5J0-An6ISjI
9c9f1221,a_3fe57e9a,0,3,Yu14xGgAQAw,xGKn7TD9jaM,TYhWV4H83sU
9cc586eb,a_76cfae4c,0,5,"","",""
9ccfc9a8,a_3db99689,1,1,kxdUhduD3Og,faS-13i72qg,k4m0GUs8Ysw
9e273b82,a_3a735b61,0,2,I1bkLwHgOQw,XHpsZfxyXeQ,5_m35vmSyMY
9e39411f,b_6957fcd5,1,1,0tcwUhZ2vmc,eQBlomFo1Kw,sF9OXDFEopY
9f4b1ec1,a_2d846716,1,2,kKGhI5Dgbr4,xJZL2WpeKek,kR8R4cbdrwg
9f4b4d1c,a_fcb5bd36,0,1,6kCu39pOZ8o,DTn9fVXft7A,4M1MxWXxnYQ
9f5d444e,a_2d846716,1,3,"","",""
9f7a533d,a_02ac9fef,1,2,5DXnWmt_9lw,QtrjTovnGgU,m715dd0E7ek
9f980433,b_cc927cf8,0,3,AXeJ0KPOgEs,BVykVpAfir4,xGKn7TD9jaM
9fa1d425,a_57d52371,1,4,NITp06kZzSg,QxOZ73iy-dY,QslALTu0LYQ
9fa510f1,a_d3f32461,0,4,Gf1FhvDu4ww,wzTLbMUYtqs,LCnebZnysmI
a04aafa7,a_02ac9fef,0,4,vid6O2C6eLw,xq35HQfod0U,lewZyfuI0Vs
a164bb7a,a_d3f32461,0,4,YeqxUatV9nI,xScyIrSG4Ls,LEQGGZ_FuiQ
a166d0b9,c_fc69c217,0,2,AS4q9yaWJkI,TA5OFS_xX0c,P_CSdxSGfaA
a16ed495,a_3a735b61,1,1,7kPTLGUk84M,X1Alc4SUqLU,YJ10PnUqtt0
a1e897ff,a_8ec282f2,0,2,imqfQ7e-BZ8,udzPYalXWv8,7gSvOWtp644
a1f841b2,a_7b29e23f,0,2,OZpv_AcPCKg,C47K1TX9PAA,g5380eu-J6Y
a20f894d,a_badae39d,0,2,1940kV9Xsyc,DBnMD-rm0es,wSOJziqwmk0
a24e6f45,a_289e36dd,1,4,txZsvf9Ql04,7hpg643qEGA,WMQgxRKPBJ8
a27df84a,a_d7855f4b,0,3,nwa1R0uXi_8,EPoeFoLVjmY,QeAufC3sEvU
a283a2c3,b_42889c2d,0,4,8XAmYyStKmA,IJOvwTZk7VU,pMrORF_-nvo
a28a3314,a_b6254a32,0,2,8Q1am4Aqal4,iBbNbDbooyc,XohHORfR39E
a2c62da2,a_35a978c4,0,2,RibO9ecZSKk,mZC1TgIOwWI,33Cnjj9yW8o
a2e67a10,a_ac8bf375,0,2,fhzKLBZJC3w,uhbvX4GUrpE,UzeKDH29TW0
a306a758,b_d27e5916,0,1,NEVPLhOGu14,8WRG4mTtBUE,zS7rEZ_fLZE
a35f176a,a_dbae58e0,0,2,XFIAAOtqqdY,wD5RGnaSw04,VyJXIlpBiGQ
a369628b,c_970d2a51,0,3,nY1bS3ZkJCA,-B0YvE_7IyI,bxtMn7boLVQ
a37045d3,a_d7855f4b,0,1,2pjJY7RIrls,VYvw6rn5xXg,0X2scsLVboQ
a3d80c66,a_3a735b61,1,3,"","",""
a4057bbf,b_cc927cf8,0,1,Gf5zPOfOvLw,HwwfwmgNt50,ZArajWXAcys
a4189144,a_35a978c4,1,4,VgEHTGZsTeI,ZZm8E816vhY,jR-59GLu-A8
a439bfa1,a_95dede8b,1,4,M3g_ebjUuaY,Fqkx4itmNEQ,gK0RymZkpSw
a49a8ab0,a_124b2b81,1,3,szQ2ujCZW1Y,x2zCxLcKBhA,""
a4b8b4f4,a_c9b736f4,1,3,SjIUyzbCYag,ga40RGtZYyI,0hiDKaSKjHg
a4cc01a7,a_4ac99fc8,1,3,0_T3rWdAQds,zMMee95a0us,GPdLEKzHd1g
a4f052f7,a_124b2b81,1,1,eKmco0yW4bs,tRkmqoSnnLU,xXGuyUEDRa4
a4fed0de,a_b6fcd21e,1,2,BgqGRCJJ2kU,nnW-fNQAEUw,5ffhxiWhOlg
a5031c6e,a_95dede8b,1,3,pbQQAwSQUX4,pCuACaGv_Wo,hIBG1koidH0
a50b41c4,a_c4387204,0,1,MK8uuq0x9DI,HjWDxaBNPFk,zLIb-RIrvFM
a566d105,c_bc149f42,0,2,-X982LTfE6g,otkb_gXhhI8,p05buI2MnWc
a5c21bfa,a_c4387204,1,3,8hZPoHQA7A0,F4qTWJrwZj8,3DyZ5UR1VvU
a5c7628b,b_42889c2d,0,2,LbJDxge_StY,TpsDYEPRG90,AR_ivStL4es
a6003caa,a_909cd3e3,0,4,"","",""
a64c7592,c_02d2c77f,1,2,"","",""
a675e469,a_3d1de17d,0,4,"","",""
a67acbe5,a_ff99ef7e,0,1,Vt04FkwHnGk,MC_-QDNBPrg,hGdnqL-vSgc
a6a702cf,a_195fafca,0,5,ZrmqqFUVT8Y,ZrmqqFUVT8Y,bFMU0G27fKQ
a6bab0ff,a_41c9dff6,0,4,NprbiC_CBrY,CmyzluqjqEk,""
a6c854a2,a_dbae58e0,0,4,"","",""
a6e54e86,c_fc69c217,0,2,7i_SmaFmM90,sc-fF9Li1vQ,finAfDC98iI
a76ad3cf,a_338f94b8,0,2,Y3nDUQCwSPY,Zu2MUbTlaNg,bWfZC38RAn8
a88546ad,a_3d1de17d,0,3,QyR1BeQS0p8,ndnc46TZAho,""
a8bd4beb,a_d93f639c,0,4,XWhoo40jJAs,Ct8gDgpxaRw,9c7QaDM82rY
a907134e,a_abf44737,1,3,b_D68ueL7Gs,ejomfBkB9ac,lgdkkGrOYAU
a98117b1,b_c628049f,0,3,"","",""
a98e0927,a_ac8bf375,0,3,kYpiwiansyE,AicM1auBC8Q,nzCRuLKRcMs
a99a22f8,a_ca0e48b0,1,4,0eZ74O0vX2I,UPWzajidVH0,PiImzKEYiho
a9a3b874,b_c628049f,1,5,4-X7feTKjec,o-2M8m8ohr0,gk_-EHkzjlg
a9ec7e8f,a_d93f639c,1,3,"","",""
aa7e2158,c_95aa7a89,0,3,OntMO-C3VYc,SGt2lYaPP00,3B5LJMk0rL0
aae74a34,a_338f94b8,1,2,ziJs8q6kZg4,iL57AdwuUQo,iuiw7bVD18c
ab306f7b,a_44e165a9,0,1,VoseEPuu31U,kjQI1mrNf-s,CV0KNpkuyUQ
abbda78b,c_970d2a51,0,2,t3Fvw5MlH6c,EQ4_5oBxC2c,obZsPUudizg
ac600969,c_7f59f421,1,2,psSdawz69kc,VnrzGH7bu14,Wb32FOqzc4o
ac928566,a_124b2b81,1,2,qqifxdGV8ew,Jkgd8VPzBL8,QN_Sxfakeas
ace9c92c,a_289e36dd,0,2,nk8agwWigww,HsqMkDAkZXM,Mi9uNu35Gmk
ada2046e,a_7b29e23f,1,3,E9jbcxxwRHY,ImCN_ySUgEU,0Zf0d7wFiLo
adb81600,a_9d0cedbf,0,1,TijoGxPBRv4,gG2nbWRNLC8,aQlhVsn0B8g
adf1fe54,a_76cfae4c,0,4,UxgU5EG1vg0,VCAMVf-cqlY,XKsppECjlmM
ae0f4e20,a_da8221d9,0,4,XMsmEa2BLMI,3A0KbDjHJXQ,TlGm6t8p6QA
aec3895c,a_eada2100,0,3,pB-5XG-DbAA,fPzdEk4HGFs,7bVutIKWa48
af402c15,b_af86a83b,0,4,-Slx6v1wbU4,CLFeItyXYdU,ZKx7J1tB4zg
af8b306b,c_02d2c77f,0,4,"","",""
b0074ff8,a_badae39d,0,3,yTJZujPTGnw,"",""
b01736c4,a_b6254a32,1,3,WVGAoGDCrGI,IW-sqM5YMNE,A-7r9WK5dQo
b054b013,a_d93f639c,0,3,Ea992vtCqTs,oVnHjGmn5hA,g7yol5QTn6I
b0e62eb3,a_34ba6327,1,4,kaprIdzbG7c,f1z50DdnoYk,ZQPcvyf5Z5Q
b0fadd35,b_d27e5916,1,4,YOWq429yXWU,5Lg6ifT4Mck,0fI2gthp_YE
b1383162,a_ff99ef7e,0,2,SmL3GUMV04M,J7TGjC1Q_D4,mQAhby98UXg
b16ce18b,c_95aa7a89,1,4,GnE0NlqSYi8,gHb-Z_U_zI4,Vuc942rko-M
b240b164,a_9d0cedbf,1,2,EeuSj4W-Pmg,ZWCXcAY2lOM,81XahrCa8KY
b2838b34,a_57d52371,1,3,3BlapA7mHOM,"",""
b294305d,a_3a735b61,0,2,znAvdQMu6tc,e7VK3pne8N4,twOtg8Q1dCI
b2ac448b,a_27b1998c,0,2,DDGVsAWgdYc,kEBGl-ZxGq0,efFoGEmmKJA
b3156bb2,a_4806747f,0,3,5VbYnFWHKv0,T-OGU4cj2eA,VKVruZPzVs8
b35f7c5b,b_f5352884,0,2,rS_-ILiycds,KjweZy4-Rxg,OtJvFyqqeo0
b3827c1f,a_cf98c77e,1,3,tgfGiTA1pek,Gghl8rxIrbs,Fz88IKZeLIw
b3ab672f,a_02ac9fef,0,2,_E2r2vOlqvA,frABImN-M8U,x_BjvhMW9TE
b3eb1d27,a_1e62eff3,0,4,--ombqA70cI,rKJfyWfYXiM,7oeTCVVbqGE
b466419e,a_289e36dd,1,2,2VrIdAWdwSU,8rQI28YdKZc,pkk-qQE7gK4
b4ad9d91,a_7b29e23f,0,1,NQ8quAMsYbA,gQrWnYtGDsk,bVrnViwmWKE
b5531e4a,a_76cfae4c,0,1,WufhBlb07JQ,h-NM1xSSzHQ,FXNtDEfyKpI
b6300345,c_7f59f421,1,4,"","",""
b63f39a2,a_76cfae4c,0,2,wVGC6S5yvbI,5G0j_Huv2Fg,GMtqC6u79Rg
b641ead8,a_ac8bf375,0,4,HGV-bpTBQVU,HZAtyi65ov8,IvUU8joBb1Q
b6c63ebd,a_3d1de17d,1,4,hSW7PmQ21uw,cW3SmIl9Ey0,xA8tS088nOc
b6c9c131,a_d3f32461,1,3,5xv-9KAB8SU,8IgnaI3sauk,90JouGSAUvM
b75349a3,a_cc9fb925,0,3,aQystzibMlc,aQystzibMlc,ILGSDCau56g
b7619d6f,a_34ba6327,0,3,AcEObQqheLE,TqinTCdR5yU,QFmJhGALafg
b78b633e,a_b6254a32,0,3,I_gtGD_7jII,NSwOF_A0LfM,eplTDIj1Bg4
b7a27207,a_a310c11e,1,4,GOXNIHylbOo,YMxQdHtQFGc,VekCU4YJiR8
b7c07260,a_90a6ea35,0,3,YowUP5swrfA,ad3Em2r7YMM,SCXUk7yUzTQ
b7f7227c,a_27b1998c,0,3,WAfPIg263ew,1il5wuPBMT0,M133n4dQhNc
b81c05ea,a_07392b8a,0,2,vV-5W7SFHDc,u66Mxi5sI58,pFgUluV_00s
b81e9954,a_ca0e48b0,1,2,wvSbUW7gJXM,wvSbUW7gJXM,wmwwKxn-bsM
b8c14ef2,a_41c9dff6,1,4,1f9Ks7cfnJg,R5wQMbO5_cE,U0BFvFLd4gw
b8fe746a,a_2d846716,2,1,CTNjLFvaJiA,POzvEYyerDY,T8x4B1ENxSU
b90679da,a_964f2afc,1,3,1-oSARB9560,mHP6-D-yBEw,YX5niFe_JSA
b9917646,b_42889c2d,1,3,Ri02QDJl9rE,Msh0Lg4xnxg,0PgOzb3Z53A
b9ce2b4b,a_cf98c77e,0,3,DJ44f-wlLEM,kFTLJVljcOs,1oiFhYl7kLM
bb02ee5b,a_964f2afc,0,2,xsr9uB6ObL0,786MWRYQK7Y,DlkOHnB6doA
bb3ba240,a_29008b58,1,3,aj6gd0P0F6g,w_DI4EyYqfQ,3_l9kUGYBuk
bb4764b2,a_a91bcd65,0,3,NHniRdxS_Bw,RstJF1qc1r8,7LoeJcwxRUM
bc77cc48,a_964f2afc,0,2,-GkBlViIM4Q,GOPcjlY-gwE,vzKwzUtKekI
bcf32a6b,a_d7855f4b,0,4,xVoojomZQEs,A9zAdltCrk4,RALu3kZ8PGY
bd03d8dd,a_338f94b8,0,3,XcM7BNLMkv4,8Ii77G02YO8,ri53-VyMtTo
bd4cdec2,c_db214b97,0,4,hLDNi0wdze0,UjpXKqFoOR8,3_zIf-LOfCU
bd8e4180,a_27b1998c,0,2,rpFUNMmKIlg,vV6NFDFo8Wk,qLMLzBYTTKQ
be5d6985,a_c9b736f4,0,3,TpsDYEPRG90,Ba8-zruTHi0,wMY-P4QEVzw
be7cb007,a_8064bf1a,0,4,rZBeETz8YSw,_6uotXW6eoY,J6vuc8GSXUY
bea7d008,a_195fafca,1,1,e3zc2MWOcAg,gLrM4RY6NuU,Uh6lmIBhGXg
bea95000,a_3a735b61,0,5,9M4GnHcape4,_irC_Nx42os,YcSP1ZUf1eQ
bf316c93,a_90a6ea35,1,3,"","",""
c0280d94,b_af86a83b,0,3,LVSvkAn76aU,H8Ma-RiF1cM,AVk_FVkFNQU
c064e138,a_c9b736f4,0,3,"","",""
c073a904,b_42889c2d,0,2,Z0DxpGNqg8o,BV7RkEL6oRc,zucBfXpCA6s
c099c3eb,c_95aa7a89,0,1,UZue_yEscX4,4dbUDUTeN2o,Tb1C27VssNs
c182cd84,a_ef127a78,1,1,N0unaOGTQB8,PJ4TQwqJ2sg,WtzkiIWioAc
c1b7b6c0,b_cc927cf8,0,2,F68_K6uPNEU,oePpxKvfChA,-otqHW9iQug
c1ea0edf,b_d27e5916,0,2,Xuv-uqfXHtU,HmYiAGdWNMQ,mRIjgs_58hU
c1ee2750,a_4ac99fc8,0,4,jLvta-_G244,jLvta-_G244,xzcFEJDfmv0
c1f66e28,a_b6fcd21e,0,3,5sb7nvlvDHM,mwsLDBsizwM,9FuLi_UYGbk
c2cccb25,a_57d52371,0,1,gVztOQxspCw,vbXekus4dvk,X-ZMnxg9RBg
c3079a58,a_8ec282f2,0,2,B-rWDlyDxuA,WfHJfv7zkSI,TlgDgNDSZYE
c345001f,c_02d2c77f,0,2,LL6SwYGUd-Q,_4imgTj9jjY,ZmpfXgdr9rs
c37eabf1,a_909cd3e3,1,2,foe3TaWiBrU,B5nAeVcyJRk,4P1DDo1cmYI
c37f081d,a_338f94b8,0,2,bpmjcSC4PmI,uNoqFnAz1rw,sNeFIVs0RXM
c3bc0e51,a_3fe57e9a,0,4,Cv3NhgmAoMk,ykOtK6Na-qA,PRnYDFZp4O0
c4117b66,a_ef127a78,1,2,w5IAujuRjWw,Gs3iPkNaWJs,W4sGoTApBKU
c42849a7,a_9d0cedbf,1,2,ozizRUBZbHk,DzvBBQn6tT4,KoZX1b22lXQ
c46aa7b2,a_41c9dff6,1,3,2AlMq-uds84,NUsNco1x7Ps,jFaAZcKg8eA
c4b31907,a_35a978c4,1,3,giE03IEzG2c,6TvCtvTHPvs,smEM78SOTuo
c4c1fd20,a_af750dcb,1,3,ydYDqZQpim8,ItdXaWUVF48,OPgbEFSe_n8
c4d2a07e,a_3d1de17d,1,3,I-2Q16BvVSQ,ZCFYvH7kB8A,UM9XNpgrqVk
c51458be,a_dbae58e0,0,4,LI31-cdFgOA,p6X6hvPkEvw,AQr9zlu7Jhc
c58fa597,c_a062a225,0,1,uYOA8xKbTWE,-X982LTfE6g,pnaLO7fs1R4
c5953d68,c_a062a225,0,4,3HT_XIX5Pqg,QbyQCJn6rYg,2gpykR0U5XI
c5a472f1,a_af750dcb,0,3,dGe9T51WmyU,9xH5LYOACjk,sbZMLoaAc6g
c62648e9,c_db214b97,0,5,M4rwPv5uDlE,dzzNo_Xj4Zg,0Uhh62MUEic
c78fe7e2,c_95aa7a89,1,3,wagn8Wrmzuc,lVhJ_A8XUgc,AW5_k_Cf4wM
c7a3db27,b_c628049f,1,4,dVE4LhWHYSY,"",""
c7ad49f1,a_abf44737,0,3,9PHWNcU08Ug,xgtTVERZlVo,5SoLc6z_diM
c7e95b9f,a_ac8bf375,1,2,KSjpGIevoGA,fuLNG8vitZc,jlo_q_gi8ms
c8a7464d,a_195fafca,0,3,sZ7TS5ACXoE,tUOpYRhFhTk,9kuV4ldw1uY
c9207a9d,a_57d52371,0,3,SR89b0qqRAg,HUTbH6ywrXk,S181Za_hv5U
c9723e67,a_3db99689,0,5,D3fr7r1Dyjs,T06LgfqOZeE,M0S7ZeS61x4
c98ee58c,a_d93f639c,0,2,j6b87bOPiMI,N2y2EtEZwuo,30lDQin6VfI
c9c62f92,a_27b1998c,1,3,"","",""
ca558a3e,a_195fafca,0,3,4ufBd7P6cII,pLrugs1VkrQ,xs0igfLplX8
caae113b,b_979b5e79,0,2,V-iGyskq5yI,f31y91lJD94,W5cZcrkQ-b4
caaff5df,c_db214b97,0,3,l94AMGwd-wY,XCJ80uXQ8HI,0LvR8aE9r48
cad46996,a_ef127a78,0,3,hOrmu8X2A1g,yFvrbelLW5w,Nxwt_s1lM04
cb4a2a01,a_b6254a32,0,5,5UsscE1lknI,BJ1D1hGtpjI,0wx4L_kzJWE
cbb3a712,a_95dede8b,0,3,0RMVJTLZOzQ,FqRCnF9dovw,ddRfo43nonY
cc054472,a_a91bcd65,1,2,ok8ni2r0yes,tRpGuuh24Es,koGuU5DcvLM
cc4fcc4a,a_a310c11e,0,5,"","",""
ccb462fa,a_8ec282f2,1,3,"","",""
ccba40fa,a_4806747f,1,2,G4Vc1m-xGnw,nd2d1p3Bx2A,KT5e01gY7zE
cdb3e5ce,a_fcb5bd36,1,1,eSzB_g3uiYs,Xkz_o783Gsc,XqIHqB1ywtY
ce168344,a_b6fcd21e,0,2,WPl10ZrhCtk,OBQXlHNaWEs,gbArdTW9nXQ
ce2979ca,a_b6254a32,0,3,5LmR2bpwPQg,cwP4WaIEIMk,9Kq8rlkEOY0
ce37ea74,a_b6fcd21e,1,1,aL55ug-R9Yw,9GD_FZmjlDA,KzcQpxFU15M
ce6ed12b,a_8064bf1a,1,2,twQL2tm_wag,5Nv25O0YgO4,TML_QAsRpVg
ce928325,a_44e165a9,0,3,"","",""
ceb3f43e,a_abf44737,1,4,9zzd894OMBU,PT58tchood4,QLzBbmLugS4
cee58b30,b_6957fcd5,0,2,R-IlyGeHjIk,FkAzf2tfU7c,OrLA1L-UwdE
cf7ed92c,b_6957fcd5,0,5,GapHydx3AsI,0LC0h6sQV3o,zY4RUQg7lUY
cfbd3452,c_970d2a51,1,3,_erey1tKz-I,wWtXQ842me8,WLv-TKZD5Os
cfbe0f01,a_ca0e48b0,1,3,nPeUhtNJLzA,tFW5duWtAJY,qwnu06vwPVY
cfc65bac,a_8064bf1a,2,2,mLKqMEynYzo,F1IJOLx1w1k,""
cfe392a5,a_8ec282f2,0,3,li_kXGX15zs,CJsgYAOs0t8,V8r0TpEgFAM
cfe59426,a_44e165a9,0,1,BrG9CBdfOGo,hsoj2wnKIbo,TQa1wtc9fmU
d07255e9,a_af750dcb,1,1,pCuACaGv_Wo,Q_3JOdOA2mc,X-vyJYN8MAM
d0c27a15,c_db214b97,1,2,"","",""
d0d02050,a_374d5973,0,3,oXgu6vHGsAw,OdwpgwYvA0w,gYflA3arIPQ
d0e8bc92,a_a310c11e,1,4,H-D-LfQQF3Q,zlRcpKrhx9c,JNWCuf1wuO0
d134b61b,a_ef127a78,0,0,ErMSHiQRnc8,p09i_hoFdd0,pXk5V8rvVCk
d146e2e4,a_dbae58e0,1,4,"","",""
d15958e8,a_dbae58e0,0,3,euOhGJY4Zfg,X5gJC9zD9LY,ey6eyVD2A3A
d15fa9e8,a_d93f639c,0,3,6RogRKXtmDA,2TVIYVmWeXs,azpb6xoPdf8
d24449bf,a_95dede8b,0,3,O4pwjTyNArY,olWPDel6ti4,vZ2f_C-JQvM
d2bbe189,a_6ab2a6c2,0,5,4wHYVHMRsr8,Eze6-eHmtJg,SuhiIItERLo
d30e9180,a_3d1de17d,0,3,1RiBBbRw6sU,4ICVcxdpl6w,Xl2iO3zSXxE
d3296151,a_6ab2a6c2,0,2,x9ivFcDfZRc,NhOLi1b4pyw,VQfj901OhLc
d354d8c4,a_eada2100,0,5,pvqvBAA-0AE,X7v7yVQZPQ8,OsKXzmrYUqw
d3927a24,a_b6254a32,1,3,6OyBTE7uoH4,m4uaj0xil68,ogdNWRHhnzQ
d3b592a3,b_0f894663,0,3,y3xjmQXtBTE,fhAdM4xF364,7reOAaveCi0
d3bc1189,b_6957fcd5,0,2,jKMiTYpkmVc,qo7QjPdX48Q,INpHh1X-WU0
d3d8491b,a_cc9fb925,0,3,DQiG-4YdHXA,AGmkG0wJ8LA,-9ht8QfQCwc
d46a1b24,a_6484f669,0,2,He-dnDYFwR8,JDy0g9tEqeY,nmBameuP91s
d4a038f0,a_cc9fb925,0,3,hF2SHDwPcu8,iRV6DzDFk_Y,VdE8H0rGk-I
d50e7fa4,a_374d5973,1,4,O0fVcz8mo_g,uoxxS0T0F24,JAieRQfXP0Y
d593e4ba,a_af750dcb,0,3,aq0N2h0Zlus,ZbhW_GDuk0c,cUWGq518Df4
d60343ce,a_4ac99fc8,0,1,RdxM6Vj82Xw,WdBg1a5aBaw,329wFcONruI
d64bbaad,a_cf98c77e,1,3,gmivvunbAaQ,HP-RgRBi7I4,FVulZVhOLl4
d65e4550,b_42889c2d,0,2,IJT51et7owQ,kLw5Ai7W4MI,08IZ5bIg7oY
d676e345,b_ca5535c4,0,2,XR8IifaeZIw,mzrI8fQ34DE,noSRg9Va1nU
d6d06d26,c_90b521bf,1,3,"","",""
d6df2d26,a_3db99689,0,5,TyycqbwBEYk,0iOnP5hPQQw,AYDEGu7S7MA
d6ed5ec8,b_f5352884,2,6,i7R4v3haHZk,27fGJV1XXk8,nAO_caE18Sw
d7051be2,a_b3d12927,0,5,PRJoAPH0ZGo,duH5sCjvV_w,rvVs0muI-gU
d73ebbb2,c_fc69c217,1,2,6tJ-ARks09k,hdAWFZx7WK4,PFWwLhbFCXM
d756f43a,b_d27e5916,1,3,0yKmBMQ44HU,sWcxJcrbczk,vhN_sAkYEkg
d865f60d,c_db214b97,0,1,q_vnzfXXM9I,ZhGAVOVwvoo,VpmV3rKYMhY
d8bdd0fe,b_f5352884,0,3,eZuDklxsaRg,Q9X0J_tLHwY,lZGo8jcEW2M
d8c16557,a_3fe57e9a,1,4,EzJq5I_Wvpg,debYZBHxJEo,xqTr4Uxc0rM
d9a399e0,a_dbae58e0,1,3,dnQ_7Dx0GrM,HPwF0ilV_VI,NLkQatv909g
d9ae9197,a_cc9fb925,0,2,"","",""
da0890cc,a_abf44737,1,3,TgOAdwmfkhA,Yz9MpKEiiuk,9Q5BYpx7pcU
da6ab76b,a_b6fcd21e,0,2,BotJF-Xt0Pg,w3rQ3328Tok,GfQUjNay2rE
da7b197b,c_02d2c77f,1,2,k70nc1vMvrI,FYLVvw6UpLk,zb6LMPHq9Yo
da88edb8,a_d93f639c,0,3,"","",""
da8c855f,a_b3d12927,0,4,0QAFiEod6Ak,JuyQQUqD64c,f-1oRhiImrQ
dad23f55,b_0f894663,0,2,dYIP5ZVR7fc,gYu1GUixqxg,eDfMDkgheQY
db1f416b,c_970d2a51,0,4,OuFLUe1EkLA,vUuAns5QcDU,fEvM-OUbaKs
db244284,a_909cd3e3,0,4,0fbhbgWWO0Q,v6sUOLLR0Hk,xEtAUosl7eA
dbb2b338,a_c4387204,1,2,LlEvnx557ns,U4OHaCLvPaI,IEN5AEVvcRc
dbdc1647,b_979b5e79,0,0,SGJwRyipB1I,q5O8O_kwtTk,vGekTDnlsAE
dbecdb6a,a_195fafca,0,3,P1CYezIPkns,t6X1u11hA0A,FDFiThmDkFo
dc43fe6c,a_a91bcd65,1,3,88npQhcm9qk,6oVE5T4M3lM,LLSJrEgOOtw
dc779a02,a_e5c021cb,1,1,"","",""
dcad143f,b_af86a83b,0,2,qiLFkyEKhUQ,NqPuOmaj_eo,aEQn1hxROVc
dcb9e3a1,a_29008b58,1,3,bzyO-K7mXFs,KeFz6U9u7QI,922buWvg90I
dce8a018,a_4806747f,0,2,CugBBXm7LwQ,eF7By5Ii6KQ,SQ4TtvFOXdM
dcf3e5ac,a_95dede8b,0,3,TfbEoZtaZJk,MRtGkXjbJJs,SG2Ma0BlsLE
dd5f6f93,a_253650b8,0,2,sCKwQxVmHow,7E5g5EIRzZM,Dug6UccCtz8
dd7e38de,a_cf98c77e,0,4,Blqkp-oZMn0,5oKSi_DROLA,9_xaCm494DQ
dd81b912,a_2d846716,0,4,-50XWu5_bbc,K8GZ8SoNfmE,wrJ1RxmsidY
de26caf0,a_f30344df,1,4,FSBNxDIN6Rw,grD9NGRtGiQ,AgvqfSbFTDg
de67516c,c_fc69c217,1,4,ZjouKqdMl28,vf38JzXL_qg,6TvCtvTHPvs
dea2a51e,a_a310c11e,0,2,ZPRDMz-TNnA,b4Rt_k6t-i4,0UnKFas5V0U
df2962b3,a_a91bcd65,1,3,_Ixc9Z-w3us,cvowkJ3Zkcw,FDxBtKKxS_g
df2b4d8a,a_7b29e23f,0,3,fxhPSVyLNWk,A9W6rvoqIME,jlvJg8Shzxo
df33f32f,a_3d1de17d,1,3,V0A7B0PmNb8,MXdyhEqqaLk,26DoPdiPb7Y
df58f838,a_b6fcd21e,0,3,"","",""
df718bab,c_90b521bf,0,2,h9owEUz0LqU,oMS2-MhUPB0,_V-7heobr9E
dfeb167b,a_76cfae4c,0,2,KAgFG7hSIN0,0BIei_crgHw,rSmUTo2AUDE
dff83498,a_3db99689,1,3,XyYAgGiHYwg,GVH3lYtTkFg,0PMZta9anTM
e04a26be,a_b3d12927,1,3,UJde1wLJqIE,5WFgTDIqzAQ,Y4KL5wpkVWs
e08f50e4,a_6ab2a6c2,0,3,EW4iydAQCUo,1ZYbU82GVz4,_Ok4p5CI5tw
e0c7d491,b_af86a83b,0,3,BpDl_0doRbk,vx9z9tPwKEI,9bGRvxsht3Q
e0d51fe8,a_7b29e23f,0,3,rRGrvEhFJUM,-kAcVq6llfw,QgDkEezRwHg
e0e34306,c_7f59f421,0,2,Oqgr9WMb2nw,xkQOFe1Fjfw,LrjKaIMGkVQ
e1123974,c_669d48e4,0,1,DtAWEEt3HWM,sNhhvQGsMEc,_Ep_lV1-4JE
e169063b,a_9d0cedbf,0,4,0Fs7hz4wGC0,fRRObRKBu3M,vI21ULEAWOM
e185e22a,a_eada2100,1,2,iQ4RFa2-3vY,Ze0DG1gCELc,JX6IvMyqVk8
e2033a85,a_6484f669,1,2,8IeXkr1K_qo,reF-j1oPMv8,_HguTKlqxts
e22f0c00,b_d27e5916,1,3,dqazI6K9sUw,27xlFPLe_Bg,eVMTVcUm7s8
e23e5220,c_02d2c77f,0,3,S3ZU-l8GT0w,2wy-0brsk-Q,XMXXL8ka7eU
e23fc8e6,b_cc927cf8,1,2,kNK3arzzdCU,sv7gudOS4jw,aY2sBDPgOXU
e243e5e4,a_badae39d,1,3,-BnK_7jGm3Y,obF6JSJAJMA,0et-5-XAkwc
e258cac7,a_abf44737,0,1,ql8Bdo7TLpc,ajxXczCkI7k,Fj2lXna_FzA
e269f33e,a_6ab2a6c2,1,3,yi-4fbWeCJA,j4U2LFbCuQA,7WuHXOl2a_g
e2f53042,b_ca5535c4,1,3,"","",""
e30e7614,a_374d5973,1,4,yV9yonq4-1Q,zmlS2DqiHnU,V7G_3TyPEZg
e3188ad8,a_f30344df,1,1,NTUZaDNkNqc,7J84ZhbDaGA,dUmIfYmMxRA
e329d1ca,a_5562c89e,0,3,ygS3nJK7x5A,yvf12L8a5_A,q6QYAcF9Uoc
e37e58c7,a_909cd3e3,0,2,"","",""
e3a66c2f,a_338f94b8,1,5,QlvlPtPcoW0,xLDBD0z_lZ8,3wl2ND2uHoE
e3de1e25,a_dbae58e0,1,3,j5SNqdNfftE,VgE5Mw11ppY,xi4urcBc23A
e3ee98ca,a_a91bcd65,1,1,WZ2AVcDdPD4,E10ZhZg5-aA,jYUnR_FtUWs
e4017fcf,a_338f94b8,0,3,JjEMVHYHSWM,C4lGfhMmHNg,WWUoGnAj078
e4194297,c_bc149f42,0,1,uHj18Jwixxc,RtBi2OplpLw,KCsdQsK8BlI
e44f5b04,b_cc927cf8,0,3,4FxTbylPies,4FxTbylPies,4FxTbylPies
e4cb96a3,a_57d52371,0,2,gDHxbtxzo1k,za09E0sjn84,ThqylHQJZY8
e4e159ed,a_ac8bf375,0,3,I2j4TlJCcpY,Z5Td0ZXY3o4,7QskmAsU9kc
e500310f,a_44e165a9,0,1,Wvps6enZDpk,c4lwhaiHzOY,Siw4I0gx3KE
e54532d5,a_3fe57e9a,1,4,"","",""
e5483a86,a_4806747f,1,1,-zmtPP-yeA8,47u2F0uDNKk,obcX2AkxocI
e63e6e6d,a_374d5973,0,3,Vb50GwvHH14,8n29QqjWAT8,SOaHkotBzJU
e659eaf4,a_a91bcd65,0,3,si30eeaAOWA,TlXm2ebqDTg,YOyCPnaZC98
e69fd832,a_4806747f,1,1,587tdK-f2zM,z9fRPaQIbj4,TmGGylY4GtE
e7d4c983,a_c9b736f4,0,2,9ehwhQJ50gs,DAiWR7BKqxY,PvCfdTJGVcw
e7e2c817,a_124b2b81,1,4,dRmIt6aiUUQ,2Htj6AChzTE,UXAqAx5s4Ic
e7ec743b,a_b3d12927,1,3,doacsnbV4Lk,qj-ebGj_f0c,7tKHytPrtSw
e83d089e,a_5562c89e,1,3,r_qjqw7djyw,xcbxnXpIizM,w-3CCXGeNvg
e8da66a8,c_fc69c217,0,3,"","",""
e90c4366,a_5562c89e,1,3,rafvGUze19E,KVjNv3WP2zA,K51V70jiGI0
e91ad75c,a_4ac99fc8,0,2,54QMc4LZ_YA,kbMe2LTW2Yw,""
ea0ddd9e,a_27b1998c,1,3,8y10r6Ts0k8,Jza0NiDP0SU,oW4E-zdQe5Y
ea414065,b_42889c2d,1,1,57umExn6lOo,VQDIYudx7lE,vleEjUr0MPA
ea5f7ad6,a_27b1998c,0,3,mqUdK58bgGE,yvChjk8f_kY,gtoXwqR685g
eabeab6f,a_cc9fb925,0,1,PAP_cYNI708,Ns_9UuC_9jY,cLRdX7mXZQQ
eacd931c,a_5562c89e,0,4,TmfBufMJ2qE,JF2YWNpeNrs,jffXEH26aiw
eae18e68,c_7f59f421,0,3,EV_j7vbfv0s,I0t3kVzGJrQ,ch7zVq1PUpg
eb37dc7b,a_6ab2a6c2,0,1,16_SUESqk8g,FMsSLZkif4E,Hbp0ig1oxFs
eb570bf7,a_a310c11e,1,2,mDVMRrtTGg4,3futVY7keio,mAcl28vIAiw
ebb25186,a_57d52371,0,3,dBxvt9sPVBc,3Lx4Yu54FCg,OhhPD1Ao8HY
ebbb735f,a_57d52371,0,2,GPFCqo9oZfM,dhW4XFGQB4o,L5EOSXefF5s
ec7dffc2,a_ac8bf375,1,5,R1wFdIDv65E,DVXL0-h0zJU,6ZirYyx0BnQ
ed7a5bf2,a_76cfae4c,1,3,9IipM7bqp4s,8YVuiKv1xUQ,wjwFSquRGeU
edb42d20,a_5562c89e,1,3,MXdyhEqqaLk,5FIvcoLK2ps,S-DppPktmWU
edbbdee8,a_badae39d,1,2,chv94Qefg1c,_A7JhV9VtJw,PPlPEe-5CM4
edfd7367,b_0f894663,1,4,sRy_UCovkDY,H359MWPu5Ic,1SPALXPzeh0
ee3ac94d,b_979b5e79,1,1,PySH1oyPPTs,Mjyh1i5iiVo,JJDAdSnM6Oo
ee5606b8,a_d3f32461,0,4,zhGspFG5jvc,h9ocx5worsQ,uM2FDDqUDSI
ee6c428e,a_d7855f4b,0,5,57c9sY2fr5Q,k2wEydjXmXs,ECrr_u0ScrM
eec09a88,a_cf98c77e,0,4,KvppjHdgG9o,powyU85bHio,jEc_r33ODos
eedaac9c,a_cf98c77e,0,1,Iozuj3c24iw,ULXnl51hivQ,6MdLCZIaNQI
ef0dcaba,c_bc149f42,1,1,S3VPFHWbMVA,gmudV-Kuvtk,14O2SBWlP1U
ef7dc74b,a_195fafca,0,2,IFSvjX6KYjE,FVbJzQcStkA,1SwddZbsl9g
efe2d040,a_ca0e48b0,1,2,u54w0ISJ_ow,xeDqM3PMLcA,cdewTIlRylw
eff3f33f,a_dbae58e0,0,1,w3uu9_7mpzo,LBzkOTe1C7Y,NH7jh5aVqlI
eff9aa3d,a_4806747f,1,3,O2BWPIrj5RY,zKzeY-UyzQY,1QVqlPWNoso
f071786c,a_badae39d,1,3,C0IO_knQDCI,6ZfA31XVM4A,NLq8-7Mspb4
f11ffe57,a_d3f32461,1,4,"","",""
f22bd954,b_c628049f,0,5,qQqdcBqJCKw,IRk4kkE2ylo,29EjE4V6oKc
f309549e,a_d3f32461,1,1,RIHx0-DXtAc,cvK1Ipp5rzs,EMDdy_65bEs
f30a1906,a_29008b58,0,4,gqemUvEbtWI,EctHizz_yNo,eggR4dKQR_w
f381deb9,c_db214b97,1,5,vkkkvGnRsVU,UWF7PXLj9vo,NOqGsS7_OqY
f3919428,a_34ba6327,1,2,prL2xUex-rU,9SdUUEWtWZg,S6jxTDLfLXs
f3a43543,a_eada2100,0,3,2Nsqiq_bg9g,owfy1_nLjrY,DPDEURaBhvo
f3b6e1ee,a_da8221d9,0,3,_z1cvGzWf9c,PITo7agmGKk,ekpQdwMrnJM
f43a928e,a_289e36dd,0,5,BDEE9TLIX6M,PUVou5DiTRw,0YVr-avn-Jg
f4550298,a_f30344df,0,3,MgGXjub5TxA,LfNG80kiJRg,rb-5dqEzgMw
f47ea502,b_6957fcd5,1,4,dBDkYofMUs4,mL7g54hXfhI,WoKA_Zt0STQ
f4bd7b28,c_fc69c217,1,2,ua1QciWu6RQ,wvSbUW7gJXM,jR2EKtoXto8
f4bda568,a_289e36dd,0,1,gtkO155TddQ,qGoTriBOoKo,ZVP2AGzkJQE
f55318b6,a_374d5973,0,4,"","",""
f55fde02,a_34ba6327,0,2,kGY6N9DL4Jw,SfPkl7lol7g,fhzKLBZJC3w
f578bfef,a_964f2afc,0,3,EHUOkQz-2DU,aVH_2X3q6xc,shEAqj2l2_k
f5c128f0,a_b3d12927,1,0,d4yJEq9RMcs,HTxwOxFt5d4,boqQD4GxpLw
f5eb68ce,a_fcb5bd36,0,4,DQiG-4YdHXA,7XXK3mMVBvY,nwshe4IEHTE
f6328c56,c_02d2c77f,0,3,"","",""
f664149a,a_c4387204,0,2,XNXBWheNehg,CE3uFXUqRDA,SccFA_u1aOg
f6a48121,a_a310c11e,1,2,sofRh4JzyUk,4NtCferWmFo,nEddIQScRRI
f6aca796,a_02ac9fef,0,3,"","",""
f7482ae0,a_41c9dff6,1,3,"","",""
f78a273d,c_db214b97,1,3,ctO5Fui3Izc,Fba3gdncjoA,TPZ6oLhIOjM
f79bd5b2,a_fcb5bd36,1,3,nDB_LAF5Vb0,QKHKYP7O7t0,7xEOJNGebAE
f7a5ac14,a_29008b58,0,3,F0ETsz2yn8I,VzqD588-uQU,qQY5I_f8tTw
f7c0b3e1,a_8ec282f2,1,2,6WCEwUF9vAg,Pl0Q4OsBRNY,bQkSm-gz2IE
f87fd229,a_4ac99fc8,1,2,eVpFGyckOJU,DAzN019hKhc,P9kK1Fig0Ek
f8daba60,a_95dede8b,1,3,"","",""
f8dead28,a_c4387204,1,3,aw8kKqzCcEY,eH4mLDiiM9M,B3KHNbBDAiQ
f9c8d6e2,b_af86a83b,0,3,uPQwIXa0d54,VWUuDM8-jAQ,yc7YCi61HUk
f9ce7bee,a_3fe57e9a,1,3,ax7vlicEAFo,goU1Ei8I8uk,OqcGExWiuxc
f9d7dadd,a_8064bf1a,0,2,sH00qhPcwVI,JKBe87utBsc,K4RwCObSllE
f9f12059,a_d93f639c,0,1,UFNBgOi6vYs,RM01WmruQY0,bzrj-oF8XsA
fa0e7118,a_c9b736f4,0,2,"","",""
fa37dc84,a_c9b736f4,0,2,FTUaFL4N-yY,sewxuEVeSTo,L13_VGaenc0
fa3fd888,a_3a735b61,0,4,"","",""
fa41b632,a_7b29e23f,1,3,-pJ2o6h79iM,58uSuykluUE,ci8NgVtEpCY
fa4e7a98,a_41c9dff6,0,2,iES96tY4svQ,nAI3otT8PlM,rR0iJT0qZYI
fa50b1d1,a_95dede8b,1,2,Rw52IvuHAVs,JWhVz5ueBRA,gP7YM7Zt4wk
fa512d71,a_c4387204,1,3,"","",""
fa91f12f,c_bc149f42,0,3,9cBBPhhC7cA,Xr2YhFO2ffE,0guoi5UgL24
fb4244a7,a_d7855f4b,1,3,"","",""
fc235498,a_c9b736f4,0,4,QwBOpqvzxcQ,ojhFT_9CPkI,YGx5fcgEuwA
fc2c63aa,c_669d48e4,1,1,ZT9LR-2DFl0,pM-bGMQghj8,fJzJnLXFv84
fc348cba,a_a91bcd65,1,3,7C2OAPa2LSA,oNxDloixm6w,CTNjLFvaJiA
fc7e69f1,a_6ab2a6c2,1,3,tyykLipVXQs,THd81_2c__c,p7R4-1CUwQ8
fc7eb86d,a_9d0cedbf,0,1,DY-PB2-BBac,jjy0bIO-YNI,bO83gDjeeyU
fcbe4d58,a_8064bf1a,1,3,HGrHKm9Ci2w,k5H41ShRB4M,0y9K6mZNNEM
fcf7dcf5,a_8064bf1a,1,1,9Dgxsu2nIO4,WBRDCe-H4DI,xhYf_AKU1t4
fcfef0c1,a_8064bf1a,1,2,"","",""
fd57e54a,a_badae39d,0,1,qIXJ8yfVvrU,jr9uliNQwNA,sKSSY72yf_I
fdf81e6d,b_0f894663,0,4,9wDxYTaKz3U,gb4J_HL9R0Q,bEi5zV-Mls4
fe049a7a,a_27b1998c,0,1,uI53EajSJms,D9YSp4SjxN4,lFtKsrQK33A
fe2355a1,b_f5352884,0,2,HHgq8pSF50I,ikm7aHJbEVw,AeCuXsb5FtY
fea2653d,a_253650b8,1,1,tjrCAD_glf0,WloKDTDrDxw,gLM_WBfPzBs
fee0d43b,c_a062a225,1,2,l95x3NEVK5o,WE7FkKOCVCg,5eCjV76Puno
fef3560b,c_bc149f42,1,1,BTGOv4qhhzA,Q_3JOdOA2mc,hZg97QmB86Q
ff75e76f,a_da8221d9,0,3,vxZnNKyHq9Q,Q0VnfC7fY-M,_RvytXBYJY0
ffc41aad,b_ca5535c4,1,4,rRN2DZP196Y,PzAK1JfstP0,CBzDQINMtSk
